signature,occurrences,teacher_selected,selected_fraction
run_failed: constraints of type 'eq' not handled by cobyla.,1224,200,0.16339869281045752
run_failed: the number of bounds is not compatible with the length of `x#`.,591,117,0.19796954314720813
"run_failed: operands could not be broadcast together with shapes (#,) (#,)",427,108,0.2529274004683841
run_failed: `constraint` of an unknown type is passed.,394,99,0.2512690355329949
run_failed: _minimize_trustregion_constr() got an unexpected keyword argument 'ftol',154,61,0.3961038961038961
run_failed: can't pickle local object 'run.<locals>.optimize_guess',111,47,0.42342342342342343
"run_failed: operands could not be broadcast together with shapes (#,) (#,) (#,)",72,31,0.4305555555555556
"run_failed: the map-like callable must be of the form f(func, iterable), returning a sequence of numbers the same length",58,18,0.3103448275862069
run_failed: differential_evolution() got an unexpected keyword argument 'fun',48,29,0.6041666666666666
run_failed: can't pickle local object 'run.<locals>.optimize',43,27,0.627906976744186
"run_failed: evaluate_erdos_solution() missing # required positional arguments: 'h_values', 'c#_bound', and 'n_points'",40,9,0.225
run_failed: cannot access local variable 'noise' where it is not associated with a value,24,2,0.08333333333333333
run_failed: some entries in x# lay outside the specified bounds,22,7,0.3181818181818182
run_failed: name 'minimize' is not defined,21,5,0.23809523809523808
run_failed: evaluate_erdos_solution() missing # required positional arguments: 'c#_bound' and 'n_points',20,11,0.55
no_code_block,19,4,0.21052631578947367
run_failed: x and y arrays must be equal in length along interpolation axis.,19,7,0.3684210526315789
run_failed: index # is out of bounds for axis # with size #,18,10,0.5555555555555556
run_failed: can't pickle local object 'run.<locals>.optimize_single',18,12,0.6666666666666666
run_failed: cannot access local variable 'initial_h_values' where it is not associated with a value,17,12,0.7058823529411765
"run_failed: shapes (#,#) and (#,) not aligned: # (dim #) != # (dim #)",16,15,0.9375
run_failed: a must be #-dimensional,14,6,0.42857142857142855
run_failed: name 'interp#d' is not defined,14,7,0.5
run_failed: unknown solver differential_evolution,12,4,0.3333333333333333
run_failed: name 'time' is not defined,12,8,0.6666666666666666
run_failed: differential_evolution() got an unexpected keyword argument 'initial_population',11,5,0.45454545454545453
run_failed: cannot import name 'cobyla' from 'scipy.optimize' (/home/ubuntu/mohammad/.venv/lib/python#.#/site-packages/s,11,11,1.0
run_failed: low >= high,11,0,0.0
run_failed: cannot cast ufunc 'add' output from dtype('float#') to dtype('int#') with casting rule 'same_kind',10,9,0.9
run_failed: cannot access local variable 'compute_c#' where it is not associated with a value,9,2,0.2222222222222222
"run_failed: could not broadcast input array from shape (#,) into shape (#,)",9,4,0.4444444444444444
run_failed: can't pickle local object 'run.<locals>.optimize_perturbation',9,5,0.5555555555555556
run_failed: slice indices must be integers or none or have an __index__ method,9,1,0.1111111111111111
run_failed: can't pickle local object 'run.<locals>.objective',8,5,0.625
run_failed: can't pickle local object 'run.<locals>.<lambda>',8,7,0.875
run_failed: fp and xp are not of the same length.,8,7,0.875
run_failed: minimize() got an unexpected keyword argument 'maxiter',7,7,1.0
run_failed: no module named 'evaluate_erdos_solution',6,6,1.0
run_failed: the truth value of an array with more than one element is ambiguous. use a.any() or a.all(),6,5,0.8333333333333334
run_failed: cannot access local variable 'perturbed' where it is not associated with a value,6,4,0.6666666666666666
run_failed: [errno #] no such file or directory: 'initial_h_values.npy',5,4,0.8
run_failed: can't pickle local object 'run.<locals>.evaluate_guess',5,1,0.2
run_failed: name 'start_time' is not defined,4,3,0.75
run_failed: no module named 'initial_h_values',4,4,1.0
run_failed: tuple index out of range,4,1,0.25
run_failed: evaluate_erdos_solution() missing # required positional argument: 'n_points',4,3,0.75
run_failed: can't pickle local object 'run.<locals>.optimize_start',4,4,1.0
run_failed: name 'concurrent' is not defined,4,2,0.5
run_failed: cannot cast ufunc 'multiply' output from dtype('float#') to dtype('int#') with casting rule 'same_kind',4,3,0.75
run_failed: name 'x_new' is not defined,4,2,0.5
run_failed: invalid index to scalar variable.,3,2,0.6666666666666666
run_failed: cannot import name 'slsqp' from 'scipy.optimize' (/home/ubuntu/mohammad/.venv/lib/python#.#/site-packages/sc,3,3,1.0
run_failed: cannot access local variable 'best_c#' where it is not associated with a value,3,2,0.6666666666666666
run_failed: can't pickle local object 'run.<locals>.optimize_h',3,2,0.6666666666666666
run_failed: name 'n_points' is not defined,3,2,0.6666666666666666
run_failed: 'dict' object has no attribute 'success',3,2,0.6666666666666666
run_failed: numpy boolean array indexing assignment cannot assign # input values to the # output values where the mask i,3,1,0.3333333333333333
run_failed: failed to read results: ran out of input,3,0,0.0
run_failed: name 'perturbations' is not defined,3,0,0.0
run_failed: name 'generate_interval_guess' is not defined,3,0,0.0
"run_failed: float() argument must be a string or a real number, not 'generator'",2,2,1.0
run_failed: name 'dx' is not defined,2,1,0.5
run_failed: cannot import name 'l_bfgs_b' from 'scipy.optimize' (/home/ubuntu/mohammad/.venv/lib/python#.#/site-packages,2,2,1.0
"run_failed: the vectorized function must return an array of shape (s,) when given an array of shape (len(x), s)",2,1,0.5
run_failed: run.<locals>.<lambda>() takes # positional argument but # were given,2,1,0.5
run_failed: unknown solver de,2,1,0.5
run_failed: 'x#' must only have one dimension.,2,1,0.5
run_failed: name 'bounds' is not defined,2,2,1.0
run_failed: negative dimensions are not allowed,2,1,0.5
run_failed: differential_evolution() got an unexpected keyword argument 'vectorsize',2,2,1.0
run_failed: please select a valid mutation strategy,2,2,1.0
run_failed: can't pickle local object 'run.<locals>.objective_wrapper',2,2,1.0
run_failed: list assignment index out of range,2,2,1.0
run_failed: differential_evolution() got an unexpected keyword argument 'options',2,1,0.5
run_failed: can't pickle local object 'run.<locals>.evaluate_perturbation',2,1,0.5
run_failed: _minimize_trustregion_constr() got an unexpected keyword argument 'tol',2,0,0.0
run_failed: name 'compute_c#' is not defined,2,0,0.0
run_failed: differential_evolution() got an unexpected keyword argument 'crossover',2,0,0.0
run_failed: cannot take a larger sample than population when 'replace=false',2,0,0.0
"run_failed: could not broadcast input array from shape (#,#) into shape (#,)",2,0,0.0
"run_failed: the population supplied needs to have shape (s, len(x)), where s > #.",2,0,0.0
run_failed: evaluate_c#() missing # required positional argument: 'n_points',1,1,1.0
"run_failed: '[' was never closed (tmpo#emo#n#.py, line #)",1,1,1.0
run_failed: '>=' not supported between instances of 'ellipsis' and 'float',1,1,1.0
run_failed: compute_c#() missing # required positional argument: 'dx',1,1,1.0
"run_failed: '[' was never closed (tmpo#d#uvp.py, line #)",1,1,1.0
"run_failed: '[' was never closed (tmp#t#gfgea.py, line #)",1,1,1.0
"run_failed: '[' was never closed (tmpmmn#tlr#.py, line #)",1,1,1.0
"run_failed: '[' was never closed (tmpzz#dv#w.py, line #)",1,1,1.0
"run_failed: cannot evaluate the truth value of a constraint or chain constraints, e.g., # >= x >= #.",1,1,1.0
"run_failed: '[' was never closed (tmpjaxv#dop.py, line #)",1,1,1.0
"run_failed: '[' was never closed (tmpsjeuj#rk.py, line #)",1,1,1.0
"run_failed: '[' was never closed (tmppmykq#h_.py, line #)",1,1,1.0
"run_failed: '[' was never closed (tmpb#dqteat.py, line #)",1,1,1.0
"run_failed: '[' was never closed (tmpc#ymq#o.py, line #)",1,1,1.0
run_failed: only integer scalar arrays can be converted to a scalar index,1,1,1.0
"run_failed: '[' was never closed (tmpz#z#q#i#.py, line #)",1,1,1.0
"run_failed: float() argument must be a string or a real number, not 'ellipsis'",1,1,1.0
"run_failed: '[' was never closed (tmpf#ayfdn.py, line #)",1,1,1.0
"run_failed: '[' was never closed (tmpsxbqdiv#.py, line #)",1,1,1.0
"run_failed: '[' was never closed (tmpm#phsqm.py, line #)",1,1,1.0
"run_failed: '[' was never closed (tmp#tsdm#f#.py, line #)",1,1,1.0
run_failed: 'numpy.timedelta#' object has no attribute 'total_seconds',1,1,1.0
run_failed: objective() missing # required positional argument: 'n_points',1,1,1.0
"run_failed: '[' was never closed (tmpv#zfvixo.py, line #)",1,1,1.0
"run_failed: '[' was never closed (tmp#ncm#s#o.py, line #)",1,1,1.0
run_failed: 'function' object has no attribute 'initial_h_values',1,1,1.0
"run_failed: '[' was never closed (tmpekb#za#r.py, line #)",1,1,1.0
"run_failed: '[' was never closed (tmphsznxvga.py, line #)",1,1,1.0
run_failed: leaf.__init__() got an unexpected keyword argument 'lower',1,1,1.0
"run_failed: '[' was never closed (tmp#xerw#yt.py, line #)",1,1,1.0
"run_failed: '[' was never closed (tmppbt#zv#.py, line #)",1,1,1.0
run_failed: can't pickle <function evaluate_individual at #x#f#cfe#>: import of module 'program' failed,1,1,1.0
run_failed: cannot import name 'trust_constr' from 'scipy.optimize' (/home/ubuntu/mohammad/.venv/lib/python#.#/site-pack,1,1,1.0
run_failed: the truth value of an empty array is ambiguous. use `array.size > #` to check that an array is not empty.,1,1,1.0
"run_failed: invalid syntax. maybe you meant '==' or ':=' instead of '='? (tmp_ub#tg#p.py, line #)",1,1,1.0
run_failed: can't pickle <function evaluate_and_optimize at #x#f#cf#e#>: import of module 'program' failed,1,1,1.0
"run_failed: float() argument must be a string or a real number, not 'function'",1,1,1.0
run_failed: can't pickle <function optimize_guess at #x#f#bc#d#>: import of module 'program' failed,1,1,1.0
run_failed: setting an array element with a sequence. the requested array has an inhomogeneous shape after # dimensions.,1,1,1.0
run_failed: can't pickle <function optimize_candidate at #x#f#c#c#e#>: import of module 'program' failed,1,1,1.0
"run_failed: '[' was never closed (tmp#eyv#r#.py, line #)",1,1,1.0
run_failed: can't pickle <function optimize_single at #x#fddd#d#a#>: import of module 'program' failed,1,1,1.0
run_failed: can't pickle <function optimize_single_guess at #x#f#bdb#a#>: import of module 'program' failed,1,1,1.0
run_failed: name 'linearconstraint' is not defined,1,1,1.0
run_failed: minimize() got an unexpected keyword argument 'max_iter',1,1,1.0
run_failed: unsupported operand type(s) for +=: 'int' and 'str',1,1,1.0
run_failed: unsupported operand type(s) for +: 'int' and 'str',1,1,1.0
run_failed: can't pickle local object 'run.<locals>.optimize_with_seed',1,1,1.0
run_failed: can't pickle <function evaluate_candidate at #x#fc#ef#a#>: import of module 'program' failed,1,1,1.0
run_failed: can't pickle <function optimize_h at #x#fbc#>: import of module 'program' failed,1,1,1.0
run_failed: unsupported operand type(s) for /: 'tuple' and 'float',1,1,1.0
run_failed: can't pickle <function optimize_h at #x#fd#f#a#>: import of module 'program' failed,1,1,1.0
run_failed: can't pickle <function run_trial at #x#f#acc#c#>: import of module 'program' failed,1,1,1.0
run_failed: can't pickle local object 'run.<locals>.optimize_perturbed',1,1,1.0
"run_failed: name 'best_c#' is used prior to nonlocal declaration (tmpw#jywz#.py, line #)",1,1,1.0
"run_failed: name 'best_c#' is used prior to nonlocal declaration (tmphxllj#n.py, line #)",1,1,1.0
run_failed: can't pickle <function optimization_task at #x#f#ebdc#d#>: import of module 'program' failed,1,1,1.0
run_failed: problem has an invalid constraint of type <class 'cvxpy.problems.objective.minimize'>,1,1,1.0
run_failed: can't pickle <function optimize_single at #x#fb#d#>: import of module 'program' failed,1,1,1.0
run_failed: can't pickle <function optimize_h at #x#f#b#>: import of module 'program' failed,1,1,1.0
"run_failed: expected an indented block after 'for' statement on line # (tmpvh_g#x#.py, line #)",1,1,1.0
"run_failed: '[' was never closed (tmpce#qhu#y.py, line #)",1,1,1.0
"run_failed: '[' was never closed (tmps#ckx#uk.py, line #)",1,1,1.0
run_failed: can't pickle local object 'run.<locals>.transformed_objective',1,1,1.0
"run_failed: '[' was never closed (tmpgdotq_#h.py, line #)",1,1,1.0
run_failed: can't pickle <function optimize_single_guess at #x#f#da#e#>: import of module 'program' failed,1,1,1.0
run_failed: _minimize_trustregion_constr() got an unexpected keyword argument 'eps',1,1,1.0
run_failed: can't pickle local object 'run.<locals>.worker',1,1,1.0
run_failed: can't pickle <function optimize_h at #x#fb#b#cfe#>: import of module 'program' failed,1,1,1.0
run_failed: 'numpy.float#' object is not iterable,1,1,1.0
run_failed: scale < #,1,1,1.0
"run_failed: name 'best_c#' is used prior to nonlocal declaration (tmpttu_kg#k.py, line #)",1,1,1.0
run_failed: 'future' object has no attribute 'index',1,1,1.0
"run_failed: 
        an attempt has been made to start a new process before the
        current process has finished its",1,1,1.0
run_failed: can't pickle <function optimize_guess at #x#f#b#>: import of module 'program' failed,1,1,1.0
run_failed: cannot access local variable 'x_new' where it is not associated with a value,1,1,1.0
run_failed: can't pickle <function optimize_guess at #x#fa#>: import of module 'program' failed,1,1,1.0
run_failed: can't pickle <function optimize_guess at #x#fd#e#b#b#>: import of module 'program' failed,1,1,1.0
"run_failed: all the input arrays must have same number of dimensions, but the array at index # has # dimension(s) and th",1,0,0.0
"run_failed: '[' was never closed (tmpe#n#v#.py, line #)",1,0,0.0
"run_failed: expected a sequence of integers or a single integer, got 'np.float#(#.#)'",1,0,0.0
run_failed: choice() got an unexpected keyword argument 'out',1,0,0.0
run_failed: choice() got an unexpected keyword argument 'shuffle',1,0,0.0
"run_failed: '[' was never closed (tmpgn#swxpw.py, line #)",1,0,0.0
"run_failed: '[' was never closed (tmp#z#xns.py, line #)",1,0,0.0
run_failed: can't pickle <function optimize_single at #x#ff#a#ff#>: import of module 'program' failed,1,0,0.0
"run_failed: closing parenthesis ']' does not match opening parenthesis '(' (tmp#_ym#m.py, line #)",1,0,0.0
run_failed: can't pickle <function optimize_single at #x#f#a#a#>: import of module 'program' failed,1,0,0.0
"run_failed: '[' was never closed (tmpti#w#ybc.py, line #)",1,0,0.0
"run_failed: '[' was never closed (tmpkax#jatv.py, line #)",1,0,0.0
"run_failed: '[' was never closed (tmp#nqnfp#g.py, line #)",1,0,0.0
"run_failed: name 'best_c#' is used prior to nonlocal declaration (tmpytpdrkz#.py, line #)",1,0,0.0
run_failed: name 'generate_random_guess' is not defined,1,0,0.0
run_failed: name 'generate_periodic_guess' is not defined,1,0,0.0
run_failed: can't pickle <function optimize_h at #x#f#d#cf#fe#>: import of module 'program' failed,1,0,0.0
"run_failed: '[' was never closed (tmpswa#fk#s.py, line #)",1,0,0.0
run_failed: cannot access local variable 'cons' where it is not associated with a value,1,0,0.0
run_failed: cannot access local variable 'objective_slsqp' where it is not associated with a value,1,0,0.0
"run_failed: expected a sequence of integers or a single integer, got '#.#'",1,0,0.0
"run_failed: too many indices for array: array is #-dimensional, but # were indexed",1,0,0.0
run_failed: cannot unpack non-iterable float object,1,0,0.0
run_failed: 'pool' object has no attribute 'results',1,0,0.0
run_failed: unknown solver dual annealing,1,0,0.0
"run_failed: expected an indented block after 'if' statement on line # (tmpdjwk#ys#.py, line #)",1,0,0.0
run_failed: 'dict' object has no attribute 'append',1,0,0.0
"run_failed: '(' was never closed (tmp#acpg#tz.py, line #)",1,0,0.0
run_failed: name 'initial_guess' is not defined,1,0,0.0
run_failed: no module named 'deap',1,1,1.0
run_failed: basinhopping() got an unexpected keyword argument 'accept_prob',1,1,1.0
run_failed: list index out of range,1,1,1.0
run_failed: differential_evolution() got an unexpected keyword argument 'polish_options',1,1,1.0
run_failed: name 'target_sum' is not defined,1,0,0.0
run_failed: cannot access local variable 'current_h' where it is not associated with a value,1,0,0.0
"run_failed: expected an indented block after 'if' statement on line # (tmpfilaz#.py, line #)",1,0,0.0
run_failed: can't pickle local object 'run.<locals>.genetic_algorithm',1,0,0.0
