step,group,arm,memory_ids,treatment_rollouts,control_rollouts,matched_n,tail_uplift_reward,valid_rate_treatment,valid_rate_control,valid_rate_delta,code_valid_rate_delta,parent_improvement_rate_delta,treatment_has_valid,control_has_valid
1,0,selected,14e87b21,38,13,13,-0.10505857756594095,0.2631578947368421,0.3076923076923077,-0.04453441295546562,-0.06477732793522267,-0.10121457489878544,True,True
1,0,explore,e29ed4f8,13,13,13,-0.0013964615711290485,0.23076923076923078,0.3076923076923077,-0.07692307692307693,-0.1538461538461538,-0.07692307692307693,True,True
1,1,selected,14e87b21,38,13,13,0.0011780881438414603,0.39473684210526316,0.38461538461538464,0.010121457489878527,0.07085020242914986,0.10931174089068824,True,True
1,1,explore,e29ed4f8,13,13,13,0.0018868145398789338,0.6923076923076923,0.38461538461538464,0.30769230769230765,0.07692307692307698,0.3846153846153846,True,True
1,2,selected,14e87b21,38,13,13,-0.0350287311236146,0.23684210526315788,0.23076923076923078,0.0060728744939270995,-0.13967611336032382,-0.02429149797570851,True,True
1,2,explore,e29ed4f8,13,13,13,-0.0008736238424620346,0.46153846153846156,0.23076923076923078,0.23076923076923078,0.0,0.23076923076923078,True,True
1,3,selected,14e87b21,38,13,13,-0.0199418072684594,0.2894736842105263,0.46153846153846156,-0.17206477732793524,0.014170040485830038,0.05465587044534412,True,True
1,3,explore,e29ed4f8,13,13,13,0.0002718435676856146,0.5384615384615384,0.46153846153846156,0.07692307692307687,0.07692307692307698,0.38461538461538464,True,True
1,4,selected,14e87b21,38,13,13,-0.17806236862954083,0.18421052631578946,0.46153846153846156,-0.2773279352226721,-0.39676113360323895,0.0020242914979757,True,True
1,4,explore,e29ed4f8,13,13,13,0.0007662743367014002,0.6923076923076923,0.46153846153846156,0.23076923076923073,-0.15384615384615385,0.07692307692307693,True,True
1,5,selected,14e87b21,38,13,13,-0.03214676236076164,0.3157894736842105,0.6153846153846154,-0.2995951417004049,-0.3421052631578947,-0.04858299595141702,True,True
1,5,explore,e29ed4f8,13,13,13,-0.03953884579828326,0.38461538461538464,0.6153846153846154,-0.23076923076923078,-0.23076923076923073,-0.15384615384615385,True,True
1,6,selected,14e87b21,38,13,13,-0.06454311833455817,0.21052631578947367,0.46153846153846156,-0.2510121457489879,-0.16396761133603244,0.10728744939271254,True,True
1,6,explore,e29ed4f8,13,13,13,-0.0012458744459835636,0.46153846153846156,0.46153846153846156,0.0,-0.15384615384615385,0.23076923076923078,True,True
1,7,selected,14e87b21,38,13,13,0.6656247588906161,0.2631578947368421,0.07692307692307693,0.18623481781376516,-0.030364372469635637,0.21052631578947367,True,True
1,7,explore,e29ed4f8,13,13,13,0.6852601159544685,0.38461538461538464,0.07692307692307693,0.3076923076923077,0.0,0.3076923076923077,True,True
2,0,selected,e29ed4f8,38,13,13,0.0007553733691882947,0.6052631578947368,0.38461538461538464,0.2206477732793522,-0.0080971659919028,0.27125506072874495,True,True
2,0,explore,c81e4ac7,13,13,13,0.003979452725990651,0.3076923076923077,0.38461538461538464,-0.07692307692307693,-0.07692307692307687,-0.07692307692307693,True,True
2,1,selected,e29ed4f8,38,13,13,-0.00047079374266489893,0.47368421052631576,0.5384615384615384,-0.06477732793522267,-0.08704453441295545,0.05668016194331982,True,True
2,1,explore,c81e4ac7,13,13,13,0.00027740456008062964,0.23076923076923078,0.5384615384615384,-0.30769230769230765,-0.23076923076923073,-0.07692307692307693,True,True
2,2,selected,e29ed4f8,38,13,13,-6.545190741791274e-05,0.5789473684210527,0.3076923076923077,0.27125506072874495,0.022267206477732837,0.13360323886639675,True,True
2,2,explore,c81e4ac7,13,13,13,0.00029444442580439656,0.6923076923076923,0.3076923076923077,0.3846153846153846,0.15384615384615385,0.5384615384615385,True,True
2,3,selected,e29ed4f8,38,13,13,0.0003387270430064149,0.7105263157894737,0.07692307692307693,0.6336032388663968,0.32995951417004055,0.39473684210526316,True,True
2,3,explore,c81e4ac7,13,13,13,0.00043072378638475683,0.46153846153846156,0.07692307692307693,0.38461538461538464,0.23076923076923084,0.23076923076923078,True,True
2,4,selected,e29ed4f8,38,13,13,-0.0013448843963086432,0.3684210526315789,0.23076923076923078,0.13765182186234814,-0.11538461538461542,0.23886639676113358,True,True
2,4,explore,c81e4ac7,13,13,13,0.00024413998576422458,0.15384615384615385,0.23076923076923078,-0.07692307692307693,-0.23076923076923078,0.0,True,True
2,5,selected,e29ed4f8,38,13,13,-0.057658184963854886,0.21052631578947367,0.46153846153846156,-0.2510121457489879,-0.40283400809716596,-0.2773279352226721,True,True
2,5,explore,c81e4ac7,13,13,13,0.0015366884634184785,0.23076923076923078,0.46153846153846156,-0.23076923076923078,-0.15384615384615385,-0.23076923076923078,True,True
2,6,selected,14e87b21,38,13,13,2.577808466707506,0.23684210526315788,0.0,0.23684210526315788,0.06275303643724695,0.18421052631578946,True,False
2,6,explore,c81e4ac7,13,13,13,2.6178771177539217,0.5384615384615384,0.0,0.5384615384615384,0.23076923076923078,0.5384615384615384,True,False
2,7,selected,e29ed4f8,38,13,13,0.0012241303549900273,0.47368421052631576,0.3076923076923077,0.16599190283400805,0.3805668016194331,0.18421052631578946,True,True
2,7,explore,c81e4ac7,13,13,13,0.0004812368789641752,0.07692307692307693,0.3076923076923077,-0.23076923076923078,0.15384615384615385,0.0,True,True
3,0,selected,e29ed4f8,38,13,13,0.00046073409163494006,0.6052631578947368,0.46153846153846156,0.14372469635627527,0.1255060728744939,0.0060728744939270995,True,True
3,0,explore,f59f8c13,13,13,13,0.0,0.3076923076923077,0.46153846153846156,-0.15384615384615385,0.07692307692307687,-0.07692307692307693,True,True
3,1,selected,e29ed4f8,38,13,13,-1.9487347367090149,0.0,0.07692307692307693,-0.07692307692307693,-0.07489878542510123,0.0,False,True
3,1,explore,f59f8c13,13,13,13,0.6744046983787617,0.15384615384615385,0.07692307692307693,0.07692307692307693,0.23076923076923078,0.07692307692307693,True,True
3,2,selected,e29ed4f8,38,13,13,0.0006387669944341035,0.4473684210526316,0.3076923076923077,0.13967611336032387,-0.06477732793522267,0.13562753036437247,True,True
3,2,explore,f59f8c13,13,13,13,0.0003382112382435132,0.38461538461538464,0.3076923076923077,0.07692307692307693,0.15384615384615385,0.0,True,True
3,3,selected,e29ed4f8,38,13,13,2.341996895308252,0.13157894736842105,0.0,0.13157894736842105,-0.17206477732793524,0.13157894736842105,True,False
3,3,explore,f59f8c13,13,13,13,2.618946133030371,0.3076923076923077,0.0,0.3076923076923077,0.3076923076923077,0.3076923076923077,True,False
3,4,selected,14e87b21,38,13,13,-0.11640787879881609,0.18421052631578946,0.15384615384615385,0.03036437246963561,0.27125506072874495,-0.07489878542510123,True,True
3,4,explore,f59f8c13,13,13,13,-0.00380480092654345,0.07692307692307693,0.15384615384615385,-0.07692307692307693,0.0,-0.15384615384615385,True,True
3,5,selected,e29ed4f8,38,13,13,-0.370000094178244,0.13157894736842105,0.23076923076923078,-0.09919028340080974,0.08502024291497973,-0.05060728744939272,True,True
3,5,explore,f59f8c13,13,13,13,-2.618396749501212,0.0,0.23076923076923078,-0.23076923076923078,0.0,-0.07692307692307693,False,True
3,6,selected,14e87b21,38,13,13,-0.4579854391564093,0.10526315789473684,0.07692307692307693,0.02834008097165991,-0.20040485829959517,0.02631578947368421,True,True
3,6,explore,f59f8c13,13,13,13,0.0009017245051556877,0.07692307692307693,0.07692307692307693,0.0,-0.15384615384615385,0.07692307692307693,True,True
3,7,selected,14e87b21,38,13,13,-0.0010398760790244488,0.39473684210526316,0.3076923076923077,0.08704453441295545,0.09514170040485825,-0.12348178137651825,True,True
3,7,explore,f59f8c13,13,13,13,-0.00041350028636699676,0.15384615384615385,0.3076923076923077,-0.15384615384615385,0.0,-0.23076923076923078,True,True
4,0,selected,e29ed4f8,38,13,13,-0.0004549058363361169,0.42105263157894735,0.23076923076923078,0.19028340080971656,-0.11133603238866396,0.18623481781376516,True,True
4,0,explore,5a9a73e0,13,13,13,-8.459458873222303e-05,0.3076923076923077,0.23076923076923078,0.07692307692307693,-0.07692307692307698,0.07692307692307693,True,True
4,1,selected,e29ed4f8,38,13,13,0.00016710294901578493,0.7631578947368421,0.15384615384615385,0.6093117408906883,0.046558704453441235,0.47368421052631576,True,True
4,1,explore,5a9a73e0,13,13,13,0.0002246477719860529,0.46153846153846156,0.15384615384615385,0.3076923076923077,0.0,0.3076923076923077,True,True
4,2,selected,e29ed4f8,38,13,13,0.00259884579647629,0.47368421052631576,0.15384615384615385,0.3198380566801619,-0.082995951417004,0.2894736842105263,True,True
4,2,explore,5a9a73e0,13,13,13,0.002397444774393964,0.15384615384615385,0.15384615384615385,0.0,-0.15384615384615385,0.07692307692307693,True,True
4,3,selected,e29ed4f8,38,13,13,-0.09974220691054025,0.18421052631578946,0.15384615384615385,0.03036437246963561,-0.04251012145748989,0.10728744939271254,True,True
4,3,explore,5a9a73e0,13,13,13,-2.6211076006801775,0.0,0.15384615384615385,-0.15384615384615385,-0.15384615384615385,-0.07692307692307693,False,True
4,4,selected,e29ed4f8,38,13,13,-0.01804400449768062,0.2631578947368421,0.15384615384615385,0.10931174089068824,-0.06882591093117413,0.05465587044534412,True,True
4,4,explore,5a9a73e0,13,13,13,0.00033905319499227815,0.23076923076923078,0.15384615384615385,0.07692307692307693,0.07692307692307693,0.15384615384615385,True,True
4,5,selected,e29ed4f8,38,13,13,0.0006477412707051045,0.5789473684210527,0.07692307692307693,0.5020242914979758,0.19635627530364375,0.47368421052631576,True,True
4,5,explore,5a9a73e0,13,13,13,0.0006464073743868148,0.23076923076923078,0.07692307692307693,0.15384615384615385,-0.07692307692307693,0.07692307692307693,True,True
4,6,selected,e29ed4f8,38,13,13,0.0006013488358949104,0.5,0.15384615384615385,0.34615384615384615,0.19433198380566802,0.2894736842105263,True,True
4,6,explore,5a9a73e0,13,13,13,0.0005330058103294455,0.07692307692307693,0.15384615384615385,-0.07692307692307693,0.0,0.07692307692307693,True,True
4,7,selected,e29ed4f8,38,13,13,-0.16736467077753847,0.15789473684210525,0.07692307692307693,0.08097165991902833,-0.04251012145748989,0.08097165991902833,True,True
4,7,explore,5a9a73e0,13,13,13,-2.6199115563339217,0.0,0.07692307692307693,-0.07692307692307693,-0.15384615384615385,-0.07692307692307693,False,True
5,0,selected,e29ed4f8,38,13,13,4.014004034935681e-06,0.5263157894736842,0.3076923076923077,0.21862348178137647,0.12348178137651822,0.10931174089068824,True,True
5,0,explore,c81e4ac7,13,13,13,-2.6234667377056233,0.0,0.3076923076923077,-0.3076923076923077,-0.23076923076923073,-0.15384615384615385,False,True
5,1,selected,e29ed4f8,38,13,13,3.6006958278100853e-05,0.7368421052631579,0.3076923076923077,0.42914979757085014,0.04858299595141702,0.15991902834008095,True,True
5,1,explore,c81e4ac7,13,13,13,8.422064624280523e-05,0.23076923076923078,0.3076923076923077,-0.07692307692307693,-0.23076923076923073,0.0,True,True
5,2,selected,e29ed4f8,38,13,13,4.395393706779771e-06,0.5526315789473685,0.15384615384615385,0.3987854251012146,-0.004048582995951455,0.05465587044534412,True,True
5,2,explore,c81e4ac7,13,13,13,-2.320854907988945e-05,0.15384615384615385,0.15384615384615385,0.0,0.0,0.0,True,True
5,3,selected,e29ed4f8,38,13,13,6.937370247417363e-05,0.7894736842105263,0.46153846153846156,0.32793522267206476,0.15182186234817807,0.27125506072874495,True,True
5,3,explore,c81e4ac7,13,13,13,-6.419031484128368e-07,0.15384615384615385,0.46153846153846156,-0.3076923076923077,-0.15384615384615385,-0.23076923076923078,True,True
5,4,selected,e29ed4f8,38,13,13,-0.0010899639973507291,0.3684210526315789,0.38461538461538464,-0.01619433198380571,-0.05668016194331982,0.08299595141700403,True,True
5,4,explore,c81e4ac7,13,13,13,4.8357197708348565e-05,0.15384615384615385,0.38461538461538464,-0.23076923076923078,0.0,0.0,True,True
5,5,selected,e29ed4f8,38,13,13,0.008511220464174851,0.5,0.07692307692307693,0.4230769230769231,0.020242914979757054,0.23684210526315788,True,True
5,5,explore,c81e4ac7,13,13,13,0.008174527237690743,0.15384615384615385,0.07692307692307693,0.07692307692307693,0.0,0.0,True,True
5,6,selected,e29ed4f8,38,13,13,0.629022487805788,0.2894736842105263,0.07692307692307693,0.2125506072874494,-0.2449392712550607,0.15789473684210525,True,True
5,6,explore,c81e4ac7,13,13,13,0.6401788741349879,0.23076923076923078,0.07692307692307693,0.15384615384615385,-0.3846153846153846,0.15384615384615385,True,True
5,7,selected,e29ed4f8,38,13,13,-0.005039879623208954,0.3157894736842105,0.23076923076923078,0.08502024291497973,0.11336032388663964,0.10931174089068824,True,True
5,7,explore,c81e4ac7,13,13,13,-5.268868523167214e-05,0.23076923076923078,0.23076923076923078,0.0,0.07692307692307693,0.0,True,True
6,0,selected,e29ed4f8,38,13,13,5.153001586766237e-05,0.6578947368421053,0.15384615384615385,0.5040485829959515,0.1761133603238867,0.39473684210526316,True,True
6,0,explore,14e87b21,13,13,13,-9.752888325564868e-05,0.23076923076923078,0.15384615384615385,0.07692307692307693,0.07692307692307698,0.0,True,True
6,1,selected,e29ed4f8,38,13,13,-1.5731837339494348e-05,0.5526315789473685,0.46153846153846156,0.09109311740890691,0.022267206477732837,-0.02226720647773281,True,True
6,1,explore,14e87b21,13,13,13,-9.480297940500648e-05,0.23076923076923078,0.46153846153846156,-0.23076923076923078,0.0,-0.15384615384615385,True,True
6,2,selected,e29ed4f8,38,13,13,-0.0001613543632261738,0.42105263157894735,0.46153846153846156,-0.04048582995951422,-0.15991902834008098,0.18421052631578946,True,True
6,2,explore,14e87b21,13,13,13,4.6578220723070274e-05,0.23076923076923078,0.46153846153846156,-0.23076923076923078,-0.23076923076923084,0.07692307692307693,True,True
6,3,selected,e29ed4f8,38,13,13,-0.001432461948431385,0.3684210526315789,0.3076923076923077,0.06072874493927122,0.0161943319838056,0.2125506072874494,True,True
6,3,explore,14e87b21,13,13,13,-2.6235336146439865,0.0,0.3076923076923077,-0.3076923076923077,-0.38461538461538464,-0.07692307692307693,False,True
6,4,selected,e29ed4f8,38,13,13,7.857830245683317e-05,0.5526315789473685,0.23076923076923078,0.3218623481781377,0.1740890688259109,0.1882591093117409,True,True
6,4,explore,14e87b21,13,13,13,-7.954541993804298e-05,0.38461538461538464,0.23076923076923078,0.15384615384615385,0.23076923076923073,0.07692307692307693,True,True
6,5,selected,e29ed4f8,38,13,13,3.48164166004139e-05,0.6052631578947368,0.46153846153846156,0.14372469635627527,-0.054655870445344146,0.08704453441295545,True,True
6,5,explore,14e87b21,13,13,13,0.0,0.15384615384615385,0.46153846153846156,-0.3076923076923077,0.0,-0.15384615384615385,True,True
6,6,selected,e29ed4f8,38,13,13,0.00010632021309397999,0.47368421052631576,0.07692307692307693,0.39676113360323884,-0.082995951417004,0.31781376518218624,True,True
6,6,explore,14e87b21,13,13,13,0.0,0.15384615384615385,0.07692307692307693,0.07692307692307693,0.0,0.0,True,True
6,7,selected,e29ed4f8,38,13,13,8.017165030649309e-05,0.6052631578947368,0.15384615384615385,0.451417004048583,0.1761133603238867,0.2408906882591093,True,True
6,7,explore,14e87b21,13,13,13,-0.6234677793363783,0.07692307692307693,0.15384615384615385,-0.07692307692307693,0.07692307692307698,-0.15384615384615385,True,True
7,0,selected,e29ed4f8,38,13,13,0.0001680423820946686,0.6842105263157895,0.23076923076923078,0.4534412955465587,0.22672064777327927,0.11133603238866396,True,True
7,0,explore,5c424123,13,13,13,0.00018709916374559654,0.46153846153846156,0.23076923076923078,0.23076923076923078,0.23076923076923073,0.15384615384615385,True,True
7,1,selected,e29ed4f8,38,13,13,-8.495195912505693e-06,0.631578947368421,0.5384615384615384,0.09311740890688258,0.022267206477732837,0.034412955465587036,True,True
7,1,explore,5c424123,13,13,13,-4.462180154485296e-05,0.5384615384615384,0.5384615384615384,0.0,0.07692307692307698,-0.15384615384615385,True,True
7,2,selected,e29ed4f8,38,13,13,6.846689020800767e-05,0.5526315789473685,0.6153846153846154,-0.06275303643724695,0.04453441295546556,0.11336032388663964,True,True
7,2,explore,5c424123,13,13,13,2.7163032846999613e-05,0.23076923076923078,0.6153846153846154,-0.38461538461538464,-0.07692307692307687,-0.15384615384615385,True,True
7,3,selected,e29ed4f8,38,13,13,9.03802371472473e-05,0.7368421052631579,0.23076923076923078,0.5060728744939271,0.046558704453441235,0.31781376518218624,True,True
7,3,explore,5c424123,13,13,13,5.680486808357088e-05,0.38461538461538464,0.23076923076923078,0.15384615384615385,0.0,0.07692307692307693,True,True
7,4,selected,e29ed4f8,38,13,13,0.00017576590451318097,0.47368421052631576,0.07692307692307693,0.39676113360323884,-0.1578947368421053,0.0,True,True
7,4,explore,5c424123,13,13,13,0.0003076731207047878,0.38461538461538464,0.07692307692307693,0.3076923076923077,-0.07692307692307687,0.0,True,True
7,5,selected,e29ed4f8,38,13,13,3.3370119520981234e-06,0.631578947368421,0.38461538461538464,0.24696356275303638,0.10121457489878538,0.058704453441295545,True,True
7,5,explore,5c424123,13,13,13,-1.7612069106665018e-05,0.46153846153846156,0.38461538461538464,0.07692307692307693,-0.07692307692307687,-0.07692307692307693,True,True
7,6,selected,e29ed4f8,38,13,13,2.5655461227029193,0.21052631578947367,0.0,0.21052631578947367,0.09109311740890691,0.10526315789473684,True,False
7,6,explore,5c424123,13,13,13,2.6235995373178467,0.07692307692307693,0.0,0.07692307692307693,0.0,0.07692307692307693,True,False
7,7,selected,e29ed4f8,38,13,13,-0.00028533800491326033,0.42105263157894735,0.15384615384615385,0.2672064777327935,0.3016194331983806,0.13360323886639675,True,True
7,7,explore,5c424123,13,13,13,-5.4732908820298576e-05,0.3076923076923077,0.15384615384615385,0.15384615384615385,0.3846153846153846,0.0,True,True
8,0,selected,e29ed4f8,38,13,13,-4.922515964889129e-05,0.7105263157894737,0.07692307692307693,0.6336032388663968,-0.054655870445344146,0.37044534412955465,True,True
8,0,explore,5c424123,13,13,13,-0.00015114892372736222,0.15384615384615385,0.07692307692307693,0.07692307692307693,-0.3076923076923077,0.07692307692307693,True,True
8,1,selected,e29ed4f8,38,13,13,-7.400269916191249e-05,0.5,0.23076923076923078,0.2692307692307692,0.2246963562753037,-0.02024291497975711,True,True
8,1,explore,5c424123,13,13,13,-0.00013242086043563361,0.23076923076923078,0.23076923076923078,0.0,0.15384615384615385,-0.07692307692307693,True,True
8,2,selected,e29ed4f8,38,13,13,5.81305638096552e-05,0.7368421052631579,0.3076923076923077,0.42914979757085014,0.10121457489878538,0.291497975708502,True,True
8,2,explore,5c424123,13,13,13,5.582471742515693e-05,0.3076923076923077,0.3076923076923077,0.0,-0.07692307692307687,0.15384615384615385,True,True
8,3,selected,e29ed4f8,38,13,13,1.3858091612029e-06,0.47368421052631576,0.15384615384615385,0.3198380566801619,0.12348178137651822,0.10728744939271254,True,True
8,3,explore,5c424123,13,13,13,-0.002648101730049479,0.23076923076923078,0.15384615384615385,0.07692307692307693,0.15384615384615385,-0.07692307692307693,True,True
8,4,selected,e29ed4f8,38,13,13,0.00011186328830881109,0.7631578947368421,0.23076923076923078,0.5323886639676114,0.024291497975708398,0.39676113360323884,True,True
8,4,explore,5c424123,13,13,13,-0.00017029323535933116,0.23076923076923078,0.23076923076923078,0.0,0.0,-0.07692307692307693,True,True
8,5,selected,e29ed4f8,38,13,13,6.491279316689358e-05,0.7368421052631579,0.23076923076923078,0.5060728744939271,-0.028340080971659964,0.2408906882591093,True,True
8,5,explore,5c424123,13,13,13,3.327528697427695e-05,0.6153846153846154,0.23076923076923078,0.38461538461538464,-0.07692307692307698,0.15384615384615385,True,True
8,6,selected,e29ed4f8,38,13,13,9.23788672708703e-05,0.631578947368421,0.46153846153846156,0.17004048582995945,-0.15991902834008098,0.2672064777327935,True,True
8,6,explore,5c424123,13,13,13,1.2032350222845878e-05,0.3076923076923077,0.46153846153846156,-0.15384615384615385,-0.23076923076923084,0.07692307692307693,True,True
8,7,selected,e29ed4f8,38,13,13,7.021137502949415e-06,0.6578947368421053,0.3076923076923077,0.3502024291497976,-0.16194331983805665,0.3218623481781377,True,True
8,7,explore,5c424123,13,13,13,8.881080042488776e-06,0.38461538461538464,0.3076923076923077,0.07692307692307693,-0.3076923076923077,0.0,True,True
9,0,selected,e29ed4f8,38,13,13,8.805610517947926e-05,0.6578947368421053,0.3076923076923077,0.3502024291497976,-0.21052631578947367,0.06072874493927122,True,True
9,0,explore,5c424123,13,13,13,5.825560081440528e-06,0.5384615384615384,0.3076923076923077,0.23076923076923073,-0.07692307692307687,0.23076923076923073,True,True
9,1,selected,e29ed4f8,38,13,13,2.121672129762331e-05,0.6578947368421053,0.23076923076923078,0.42712550607287453,-0.006072874493927127,0.2672064777327935,True,True
9,1,explore,5c424123,13,13,13,6.356258146489324e-07,0.5384615384615384,0.23076923076923078,0.30769230769230765,-0.07692307692307698,0.3076923076923077,True,True
9,2,selected,e29ed4f8,38,13,13,-3.58211124793506e-05,0.6052631578947368,0.5384615384615384,0.0668016194331984,0.04858299595141702,-0.02024291497975711,True,True
9,2,explore,5c424123,13,13,13,-0.0011554103821307393,0.15384615384615385,0.5384615384615384,-0.3846153846153846,-0.23076923076923073,-0.23076923076923078,True,True
9,3,selected,e29ed4f8,38,13,13,8.822376121564446e-05,0.6578947368421053,0.46153846153846156,0.19635627530364375,0.1761133603238867,0.1882591093117409,True,True
9,3,explore,5c424123,13,13,13,0.0,0.46153846153846156,0.46153846153846156,0.0,0.07692307692307698,0.15384615384615385,True,True
9,4,selected,e29ed4f8,38,13,13,-9.56281776431922e-07,0.6578947368421053,0.3076923076923077,0.3502024291497976,0.07085020242914986,0.1882591093117409,True,True
9,4,explore,5c424123,13,13,13,6.704963491088733e-07,0.38461538461538464,0.3076923076923077,0.07692307692307693,0.0,-0.07692307692307693,True,True
9,5,selected,e29ed4f8,38,13,13,5.642504916636426e-07,0.6842105263157895,0.46153846153846156,0.22267206477732793,-0.05668016194331982,-0.02024291497975711,True,True
9,5,explore,5c424123,13,13,13,-1.2750846396958337e-05,0.23076923076923078,0.46153846153846156,-0.23076923076923078,0.0,-0.15384615384615385,True,True
9,6,selected,e29ed4f8,38,13,13,4.604530196239409e-06,0.7105263157894737,0.3076923076923077,0.40283400809716596,-0.08097165991902844,0.3198380566801619,True,True
9,6,explore,5c424123,13,13,13,-4.528046759766369e-05,0.23076923076923078,0.3076923076923077,-0.07692307692307693,-0.15384615384615385,-0.07692307692307693,True,True
9,7,selected,e29ed4f8,38,13,13,-8.45664489323994e-06,0.5789473684210527,0.3076923076923077,0.27125506072874495,-0.030364372469635637,0.2408906882591093,True,True
9,7,explore,5c424123,13,13,13,-1.0016771387899581e-05,0.3076923076923077,0.3076923076923077,0.0,0.07692307692307698,0.0,True,True
10,0,selected,e29ed4f8,38,13,13,7.697911223569776e-05,0.6578947368421053,0.38461538461538464,0.2732793522267207,0.09919028340080971,0.21052631578947367,True,True
10,0,explore,f59f8c13,13,13,13,7.600960955489455e-05,0.3076923076923077,0.38461538461538464,-0.07692307692307693,0.15384615384615385,0.15384615384615385,True,True
10,1,selected,e29ed4f8,38,13,13,-8.514655647218206e-11,0.6842105263157895,0.3076923076923077,0.3765182186234818,0.020242914979757054,0.2975708502024291,True,True
10,1,explore,f59f8c13,13,13,13,1.6512304825244684e-05,0.3076923076923077,0.3076923076923077,0.0,0.0,-0.15384615384615385,True,True
10,2,selected,e29ed4f8,38,13,13,0.00037040589089132325,0.5526315789473685,0.23076923076923078,0.3218623481781377,0.25303643724696356,0.15789473684210525,True,True
10,2,explore,f59f8c13,13,13,13,0.0002547177731062611,0.15384615384615385,0.23076923076923078,-0.07692307692307693,0.07692307692307687,0.0,True,True
10,3,selected,e29ed4f8,38,13,13,-3.371375852845304e-05,0.47368421052631576,0.15384615384615385,0.3198380566801619,-0.1336032388663968,0.18623481781376516,True,True
10,3,explore,f59f8c13,13,13,13,5.2167230500277384e-05,0.46153846153846156,0.15384615384615385,0.3076923076923077,-0.15384615384615385,0.38461538461538464,True,True
10,4,selected,e29ed4f8,38,13,13,-9.709397730262026e-09,0.6578947368421053,0.3076923076923077,0.3502024291497976,0.12348178137651822,0.42712550607287453,True,True
10,4,explore,f59f8c13,13,13,13,0.0,0.46153846153846156,0.3076923076923077,0.15384615384615385,0.3076923076923077,0.23076923076923078,True,True
10,5,selected,e29ed4f8,38,13,13,0.00010509682744563875,0.6052631578947368,0.38461538461538464,0.2206477732793522,0.1497975708502024,0.15991902834008095,True,True
10,5,explore,f59f8c13,13,13,13,4.21053390944337e-05,0.15384615384615385,0.38461538461538464,-0.23076923076923078,-0.15384615384615385,0.0,True,True
10,6,selected,e29ed4f8,38,13,13,-1.7992332475458284e-05,0.7631578947368421,0.46153846153846156,0.3016194331983806,0.25506072874493924,0.21862348178137647,True,True
10,6,explore,f59f8c13,13,13,13,-6.49620720398758e-05,0.46153846153846156,0.46153846153846156,0.0,0.3076923076923077,0.0,True,True
10,7,selected,e29ed4f8,38,13,13,-1.3200343529362613e-07,0.6052631578947368,0.6153846153846154,-0.010121457489878583,-0.21255060728744946,-0.02429149797570851,True,True
10,7,explore,f59f8c13,13,13,13,-1.6311828865411826e-07,0.6153846153846154,0.6153846153846154,0.0,-0.23076923076923084,0.0,True,True
11,0,selected,e29ed4f8,38,13,13,-6.24256202286233e-11,0.6842105263157895,0.38461538461538464,0.29959514170040485,-0.006072874493927127,0.3765182186234818,True,True
11,0,explore,5c424123,13,13,13,-2.6247928811344017,0.0,0.38461538461538464,-0.38461538461538464,0.15384615384615385,-0.3076923076923077,False,True
11,1,selected,e29ed4f8,38,13,13,4.440892098500626e-16,0.7894736842105263,0.15384615384615385,0.6356275303643725,0.22672064777327927,0.0,True,True
11,1,explore,5c424123,13,13,13,0.0,0.5384615384615384,0.15384615384615385,0.3846153846153846,0.23076923076923073,0.0,True,True
11,2,selected,e29ed4f8,38,13,13,-1.3548186423850694e-05,0.7105263157894737,0.5384615384615384,0.17206477732793524,-0.004048582995951455,0.17206477732793524,True,True
11,2,explore,5c424123,13,13,13,-1.650176882117549e-05,0.3076923076923077,0.5384615384615384,-0.23076923076923073,0.07692307692307698,-0.30769230769230765,True,True
11,3,selected,e29ed4f8,38,13,13,2.005071500610356e-05,0.6842105263157895,0.3076923076923077,0.3765182186234818,0.2004048582995951,0.3502024291497976,True,True
11,3,explore,5c424123,13,13,13,3.0311381021164152e-05,0.23076923076923078,0.3076923076923077,-0.07692307692307693,0.15384615384615385,-0.07692307692307693,True,True
11,4,selected,e29ed4f8,38,13,13,3.664765920596835e-05,0.7631578947368421,0.15384615384615385,0.6093117408906883,0.020242914979757054,0.5546558704453441,True,True
11,4,explore,5c424123,13,13,13,1.822790153038767e-06,0.38461538461538464,0.15384615384615385,0.23076923076923078,-0.15384615384615385,0.07692307692307693,True,True
11,5,selected,e29ed4f8,38,13,13,-8.67551853911408e-07,0.5,0.23076923076923078,0.2692307692307692,-0.1336032388663968,-0.02024291497975711,True,True
11,5,explore,5c424123,13,13,13,3.708896862075761e-06,0.46153846153846156,0.23076923076923078,0.23076923076923078,0.0,0.0,True,True
11,6,selected,e29ed4f8,38,13,13,1.84406476044785e-06,0.631578947368421,0.23076923076923078,0.40080971659919024,0.1255060728744939,0.13360323886639675,True,True
11,6,explore,5c424123,13,13,13,0.0,0.46153846153846156,0.23076923076923078,0.23076923076923078,0.15384615384615385,0.15384615384615385,True,True
11,7,selected,e29ed4f8,38,13,13,-2.387772198186866e-06,0.5263157894736842,0.46153846153846156,0.06477732793522262,0.05060728744939269,-0.04251012145748989,True,True
11,7,explore,5c424123,13,13,13,-3.3029127819439452e-06,0.23076923076923078,0.46153846153846156,-0.23076923076923078,-0.07692307692307698,-0.15384615384615385,True,True
12,0,selected,e29ed4f8,38,13,13,-1.568245676075719e-05,0.6842105263157895,0.15384615384615385,0.5303643724696356,0.020242914979757054,-0.05060728744939272,True,True
12,0,explore,f59f8c13,13,13,13,-1.35598611650245e-05,0.38461538461538464,0.15384615384615385,0.23076923076923078,-0.23076923076923084,-0.07692307692307693,True,True
12,1,selected,e29ed4f8,38,13,13,4.936838228886131e-06,0.868421052631579,0.46153846153846156,0.4068825910931174,0.0748987854251012,-0.09514170040485831,True,True
12,1,explore,f59f8c13,13,13,13,4.717512460672424e-06,0.6153846153846154,0.46153846153846156,0.15384615384615385,0.07692307692307698,-0.23076923076923078,True,True
12,2,selected,e29ed4f8,38,13,13,1.1354462493784467e-05,0.6842105263157895,0.23076923076923078,0.4534412955465587,-0.052631578947368474,0.5303643724696356,True,True
12,2,explore,f59f8c13,13,13,13,-4.8508694892035464e-06,0.23076923076923078,0.23076923076923078,0.0,-0.23076923076923073,0.07692307692307693,True,True
12,3,selected,e29ed4f8,38,13,13,3.6046345939233504e-06,0.8421052631578947,0.3076923076923077,0.534412955465587,0.024291497975708398,0.6113360323886639,True,True
12,3,explore,f59f8c13,13,13,13,0.0,0.38461538461538464,0.3076923076923077,0.07692307692307693,-0.15384615384615385,0.07692307692307693,True,True
12,4,selected,e29ed4f8,38,13,13,-1.749900947478622e-05,0.7894736842105263,0.46153846153846156,0.32793522267206476,0.17813765182186225,0.3016194331983806,True,True
12,4,explore,f59f8c13,13,13,13,-6.635720813985557e-05,0.38461538461538464,0.46153846153846156,-0.07692307692307693,0.07692307692307687,-0.15384615384615385,True,True
12,5,selected,e29ed4f8,38,13,13,1.5611957635996987e-05,0.8421052631578947,0.38461538461538464,0.45748987854251005,0.05060728744939269,0.5080971659919028,True,True
12,5,explore,f59f8c13,13,13,13,-4.2074611230624726e-06,0.46153846153846156,0.38461538461538464,0.07692307692307693,-0.23076923076923084,0.15384615384615385,True,True
12,6,selected,e29ed4f8,38,13,13,1.9531353290247466e-05,0.5263157894736842,0.3076923076923077,0.21862348178137647,0.09919028340080971,0.21862348178137647,True,True
12,6,explore,f59f8c13,13,13,13,-1.7059514553885435e-05,0.3076923076923077,0.3076923076923077,0.0,0.07692307692307687,0.0,True,True
12,7,selected,e29ed4f8,38,13,13,-1.164021428134987e-06,0.5526315789473685,0.15384615384615385,0.3987854251012146,0.04453441295546556,0.05465587044534412,True,True
12,7,explore,f59f8c13,13,13,13,-2.932900011742845e-08,0.07692307692307693,0.15384615384615385,-0.07692307692307693,-0.15384615384615385,-0.07692307692307693,True,True
13,0,selected,e29ed4f8,38,13,13,0.0,0.8157894736842105,0.15384615384615385,0.6619433198380567,0.3319838056680161,0.6619433198380567,True,True
13,0,explore,c81e4ac7,13,13,13,0.0,0.23076923076923078,0.15384615384615385,0.07692307692307693,0.15384615384615385,0.07692307692307693,True,True
13,1,selected,e29ed4f8,38,13,13,5.408334231571388e-06,0.8421052631578947,0.23076923076923078,0.6113360323886639,0.3319838056680161,0.6113360323886639,True,True
13,1,explore,c81e4ac7,13,13,13,0.0,0.15384615384615385,0.23076923076923078,-0.07692307692307693,0.3076923076923077,-0.07692307692307693,True,True
13,2,selected,e29ed4f8,38,13,13,-1.2389123589251483e-06,0.6052631578947368,0.46153846153846156,0.14372469635627527,-0.082995951417004,0.05263157894736842,True,True
13,2,explore,c81e4ac7,13,13,13,-1.511482463634195e-07,0.7692307692307693,0.46153846153846156,0.3076923076923077,0.0,0.0,True,True
13,3,selected,e29ed4f8,38,13,13,-1.7387959284853594e-05,0.5,0.3076923076923077,0.1923076923076923,-0.03238866396761142,-0.02226720647773281,True,True
13,3,explore,c81e4ac7,13,13,13,-9.176084688977681e-06,0.15384615384615385,0.3076923076923077,-0.15384615384615385,-0.15384615384615385,-0.15384615384615385,True,True
13,4,selected,14e87b21,38,13,13,-4.5614401145144257e-10,0.7105263157894737,0.3076923076923077,0.40283400809716596,0.1255060728744939,0.4534412955465587,True,True
13,4,explore,c81e4ac7,13,13,13,0.0,0.6153846153846154,0.3076923076923077,0.3076923076923077,0.15384615384615385,0.38461538461538464,True,True
13,5,selected,e29ed4f8,38,13,13,0.0,0.7368421052631579,0.3076923076923077,0.42914979757085014,-0.054655870445344146,0.42914979757085014,True,True
13,5,explore,c81e4ac7,13,13,13,0.0,0.6153846153846154,0.3076923076923077,0.3076923076923077,0.0,0.23076923076923073,True,True
13,6,selected,e29ed4f8,38,13,13,2.1611982949920616e-06,0.8157894736842105,0.3076923076923077,0.5080971659919028,0.28137651821862353,0.3481781376518219,True,True
13,6,explore,c81e4ac7,13,13,13,-5.6765358560362245e-06,0.46153846153846156,0.3076923076923077,0.15384615384615385,-0.07692307692307687,0.07692307692307693,True,True
13,7,selected,e29ed4f8,38,13,13,-2.5664012142101456e-06,0.7631578947368421,0.5384615384615384,0.2246963562753037,-0.004048582995951455,0.17206477732793524,True,True
13,7,explore,c81e4ac7,13,13,13,-1.0542080657760522e-05,0.5384615384615384,0.5384615384615384,0.0,-0.15384615384615385,-0.07692307692307687,True,True
14,0,selected,e29ed4f8,38,13,13,2.3241709135035649e-07,0.7105263157894737,0.23076923076923078,0.4797570850202429,0.3805668016194331,0.0040485829959514,True,True
14,0,explore,f59f8c13,13,13,13,-5.719776475121563e-06,0.23076923076923078,0.23076923076923078,0.0,0.3076923076923077,-0.15384615384615385,True,True
14,1,selected,e29ed4f8,38,13,13,2.3192549170047982e-07,0.8421052631578947,0.46153846153846156,0.3805668016194331,0.15182186234817807,0.43117408906882587,True,True
14,1,explore,f59f8c13,13,13,13,0.0,0.46153846153846156,0.46153846153846156,0.0,-0.15384615384615385,-0.07692307692307693,True,True
14,2,selected,e29ed4f8,38,13,13,-0.002604151327702642,0.34210526315789475,0.3076923076923077,0.034412955465587036,-0.0080971659919028,-0.05060728744939272,True,True
14,2,explore,f59f8c13,13,13,13,-6.499683049554505e-07,0.23076923076923078,0.3076923076923077,-0.07692307692307693,-0.15384615384615385,-0.07692307692307693,True,True
14,3,selected,e29ed4f8,38,13,13,-2.1760371282653068e-14,0.7631578947368421,0.46153846153846156,0.3016194331983806,-0.054655870445344146,0.27125506072874495,True,True
14,3,explore,f59f8c13,13,13,13,0.0,0.46153846153846156,0.46153846153846156,0.0,-0.15384615384615385,0.15384615384615385,True,True
14,4,selected,e29ed4f8,38,13,13,-1.134431659721713e-08,0.8157894736842105,0.3076923076923077,0.5080971659919028,0.20242914979757087,0.4817813765182186,True,True
14,4,explore,f59f8c13,13,13,13,-1.0717464826726086e-07,0.46153846153846156,0.3076923076923077,0.15384615384615385,0.07692307692307698,0.07692307692307693,True,True
14,5,selected,e29ed4f8,38,13,13,-1.134431659721713e-08,0.9210526315789473,0.46153846153846156,0.4595141700404858,0.12753036437246967,0.5101214574898785,True,True
14,5,explore,f59f8c13,13,13,13,-1.0717464826726086e-07,0.6153846153846154,0.46153846153846156,0.15384615384615385,0.0,0.1538461538461538,True,True
14,6,selected,e29ed4f8,38,13,13,-1.5136460720377443e-06,0.5526315789473685,0.3076923076923077,0.24493927125506076,0.04858299595141702,0.02631578947368421,True,True
14,6,explore,f59f8c13,13,13,13,3.392027800863673e-07,0.15384615384615385,0.3076923076923077,-0.15384615384615385,-0.15384615384615385,0.07692307692307693,True,True
14,7,selected,e29ed4f8,38,13,13,9.88123454170875e-07,0.6052631578947368,0.23076923076923078,0.37449392712550605,0.07287449392712542,0.02834008097165991,True,True
14,7,explore,f59f8c13,13,13,13,0.0,0.15384615384615385,0.23076923076923078,-0.07692307692307693,-0.07692307692307698,0.0,True,True
15,0,selected,e29ed4f8,38,13,13,8.41571598857449e-05,0.6578947368421053,0.38461538461538464,0.2732793522267207,-0.07894736842105265,0.15789473684210525,True,True
15,0,explore,c81e4ac7,13,13,13,3.471898002738172e-05,0.38461538461538464,0.38461538461538464,0.0,-0.15384615384615385,0.0,True,True
15,1,selected,e29ed4f8,38,13,13,5.153497885768132e-06,0.7105263157894737,0.46153846153846156,0.2489878542510121,0.04858299595141702,0.08097165991902833,True,True
15,1,explore,c81e4ac7,13,13,13,-0.00014221948105275217,0.15384615384615385,0.46153846153846156,-0.3076923076923077,-0.23076923076923073,-0.07692307692307693,True,True
15,2,selected,e29ed4f8,38,13,13,-3.615438778137303e-06,0.5789473684210527,0.23076923076923078,0.3481781376518219,0.07287449392712542,0.02631578947368421,True,True
15,2,explore,c81e4ac7,13,13,13,0.0,0.5384615384615384,0.23076923076923078,0.30769230769230765,0.07692307692307687,0.0,True,True
15,3,selected,e29ed4f8,38,13,13,-1.7178968683140283e-06,0.9210526315789473,0.3076923076923077,0.6133603238866396,0.10121457489878538,0.5607287449392713,True,True
15,3,explore,c81e4ac7,13,13,13,-1.8702299673378775e-06,0.5384615384615384,0.3076923076923077,0.23076923076923073,0.15384615384615385,0.23076923076923073,True,True
15,4,selected,e29ed4f8,38,13,13,-0.0003485379414511769,0.4473684210526316,0.23076923076923078,0.2165991902834008,-0.08097165991902844,0.3684210526315789,True,True
15,4,explore,c81e4ac7,13,13,13,2.016893771106254e-06,0.3076923076923077,0.23076923076923078,0.07692307692307693,-0.3076923076923077,0.07692307692307693,True,True
15,5,selected,14e87b21,38,13,13,6.312229889893217e-07,0.6578947368421053,0.3076923076923077,0.3502024291497976,0.22672064777327927,0.02631578947368421,True,True
15,5,explore,c81e4ac7,13,13,13,9.54965169164268e-07,0.6923076923076923,0.3076923076923077,0.3846153846153846,0.23076923076923073,0.07692307692307693,True,True
15,6,selected,e29ed4f8,38,13,13,0.5952777621378216,0.2894736842105263,0.15384615384615385,0.13562753036437247,0.12348178137651822,0.02631578947368421,True,True
15,6,explore,c81e4ac7,13,13,13,-2.0142840247576883,0.0,0.15384615384615385,-0.15384615384615385,0.15384615384615385,0.0,False,True
15,7,selected,e29ed4f8,38,13,13,0.0,0.8157894736842105,0.3076923076923077,0.5080971659919028,0.35627530364372473,0.0,True,True
15,7,explore,c81e4ac7,13,13,13,0.0,0.3076923076923077,0.3076923076923077,0.0,0.0,0.0,True,True
16,0,selected,e29ed4f8,38,13,13,-3.663563717104523e-05,0.6842105263157895,0.38461538461538464,0.29959514170040485,0.20242914979757087,-0.02429149797570851,True,True
16,0,explore,f59f8c13,13,13,13,0.0,0.3076923076923077,0.38461538461538464,-0.07692307692307693,0.07692307692307698,0.0,True,True
16,1,selected,14e87b21,38,13,13,2.8643699323538385e-07,0.6578947368421053,0.38461538461538464,0.2732793522267207,0.2510121457489879,0.02631578947368421,True,True
16,1,explore,f59f8c13,13,13,13,7.613317705157385e-07,0.6153846153846154,0.38461538461538464,0.23076923076923078,0.3076923076923077,0.07692307692307693,True,True
16,2,selected,e29ed4f8,38,13,13,5.628540518110015e-07,0.868421052631579,0.3076923076923077,0.5607287449392713,-0.028340080971659964,0.5850202429149798,True,True
16,2,explore,f59f8c13,13,13,13,0.0,0.15384615384615385,0.3076923076923077,-0.15384615384615385,-0.3846153846153847,-0.07692307692307693,True,True
16,3,selected,e29ed4f8,38,13,13,2.1750759885969018,0.10526315789473684,0.0,0.10526315789473684,0.3825910931174089,0.10526315789473684,True,False
16,3,explore,f59f8c13,13,13,13,2.4842951026255458,0.07692307692307693,0.0,0.07692307692307693,0.23076923076923084,0.0,True,False
16,4,selected,e29ed4f8,38,13,13,-2.049319597574595e-06,0.5526315789473685,0.3076923076923077,0.24493927125506076,-0.054655870445344146,0.0,True,True
16,4,explore,f59f8c13,13,13,13,-1.9754342828193217e-07,0.3076923076923077,0.3076923076923077,0.0,-0.3076923076923077,0.0,True,True
16,5,selected,e29ed4f8,38,13,13,2.0700966807396526e-07,0.9210526315789473,0.6153846153846154,0.3056680161943319,0.20445344129554655,0.27935222672064774,True,True
16,5,explore,f59f8c13,13,13,13,0.0,0.5384615384615384,0.6153846153846154,-0.07692307692307698,0.15384615384615385,-0.07692307692307698,True,True
16,6,selected,e29ed4f8,38,13,13,1.4167376694018685e-07,0.868421052631579,0.5384615384615384,0.32995951417004055,0.15182186234817807,0.1923076923076923,True,True
16,6,explore,f59f8c13,13,13,13,0.0,0.6153846153846154,0.5384615384615384,0.07692307692307698,0.07692307692307687,0.0,True,True
16,7,selected,e29ed4f8,38,13,13,8.91583997297829e-07,0.868421052631579,0.38461538461538464,0.48380566801619435,0.12753036437246967,0.5607287449392713,True,True
16,7,explore,f59f8c13,13,13,13,0.0,0.5384615384615384,0.38461538461538464,0.1538461538461538,0.0,0.23076923076923073,True,True
17,0,selected,e29ed4f8,38,13,13,5.753433622857074e-07,0.8421052631578947,0.5384615384615384,0.30364372469635625,0.17813765182186225,0.2773279352226721,True,True
17,0,explore,f59f8c13,13,13,13,-4.109698141796514e-07,0.38461538461538464,0.5384615384615384,-0.1538461538461538,-0.15384615384615385,-0.1538461538461538,True,True
17,1,selected,e29ed4f8,38,13,13,1.233357647123512e-07,0.8421052631578947,0.38461538461538464,0.45748987854251005,0.25506072874493924,0.3522267206477732,True,True
17,1,explore,f59f8c13,13,13,13,-1.0017990601518534e-06,0.38461538461538464,0.38461538461538464,0.0,0.15384615384615385,0.0,True,True
17,2,selected,e29ed4f8,38,13,13,3.78060135641789e-07,0.7631578947368421,0.3076923076923077,0.45546558704453444,0.45748987854251005,0.45546558704453444,True,True
17,2,explore,f59f8c13,13,13,13,0.0,0.6923076923076923,0.3076923076923077,0.3846153846153846,0.38461538461538464,0.3846153846153846,True,True
17,3,selected,e29ed4f8,38,13,13,2.441655638563134e-06,0.868421052631579,0.5384615384615384,0.32995951417004055,0.0748987854251012,0.43117408906882587,True,True
17,3,explore,f59f8c13,13,13,13,3.4821691086150963e-06,0.46153846153846156,0.5384615384615384,-0.07692307692307687,0.0,0.07692307692307693,True,True
17,4,selected,e29ed4f8,38,13,13,2.507856544653464e-08,0.8421052631578947,0.5384615384615384,0.30364372469635625,0.15182186234817807,0.3238866396761133,True,True
17,4,explore,f59f8c13,13,13,13,7.330657592063972e-08,0.5384615384615384,0.5384615384615384,0.0,0.0,0.0,True,True
17,5,selected,e29ed4f8,38,13,13,2.2156293866260057e-07,0.9210526315789473,0.46153846153846156,0.4595141700404858,0.17813765182186225,0.5364372469635628,True,True
17,5,explore,f59f8c13,13,13,13,0.0,0.3076923076923077,0.46153846153846156,-0.15384615384615385,-0.15384615384615385,-0.15384615384615385,True,True
17,6,selected,e29ed4f8,38,13,13,2.8775858984531055e-07,0.868421052631579,0.38461538461538464,0.48380566801619435,0.22874493927125505,0.45748987854251005,True,True
17,6,explore,f59f8c13,13,13,13,1.353966556649766e-07,0.6153846153846154,0.38461538461538464,0.23076923076923078,0.15384615384615385,0.23076923076923078,True,True
17,7,selected,e29ed4f8,38,13,13,2.198281940923863e-06,0.8421052631578947,0.5384615384615384,0.30364372469635625,0.15384615384615385,0.2246963562753037,True,True
17,7,explore,f59f8c13,13,13,13,-0.6249163388422865,0.07692307692307693,0.5384615384615384,-0.4615384615384615,-0.15384615384615385,-0.5384615384615384,True,True
18,0,selected,e29ed4f8,38,13,13,-1.322472063858271e-06,0.8947368421052632,0.5384615384615384,0.35627530364372473,0.28137651821862353,0.35627530364372473,True,True
18,0,explore,f59f8c13,13,13,13,-5.934757314474126e-06,0.38461538461538464,0.5384615384615384,-0.1538461538461538,0.23076923076923084,-0.1538461538461538,True,True
18,1,selected,e29ed4f8,38,13,13,-4.6132652480324055e-06,0.9473684210526315,0.5384615384615384,0.4089068825910931,0.28137651821862353,0.3825910931174089,True,True
18,1,explore,f59f8c13,13,13,13,-5.934757314474126e-06,0.6923076923076923,0.5384615384615384,0.15384615384615385,0.07692307692307698,0.15384615384615385,True,True
18,2,selected,e29ed4f8,38,13,13,2.978894633631768e-06,0.7105263157894737,0.5384615384615384,0.17206477732793524,0.0748987854251012,0.22267206477732793,True,True
18,2,explore,f59f8c13,13,13,13,-2.6788482863082663e-06,0.38461538461538464,0.5384615384615384,-0.1538461538461538,-0.23076923076923073,-0.07692307692307693,True,True
18,3,selected,e29ed4f8,38,13,13,7.5965896542129485e-06,0.7894736842105263,0.6153846153846154,0.1740890688259109,0.0748987854251012,0.19838056680161942,True,True
18,3,explore,f59f8c13,13,13,13,-4.6734134384607273e-07,0.23076923076923078,0.6153846153846154,-0.38461538461538464,-0.23076923076923073,-0.30769230769230765,True,True
18,4,selected,e29ed4f8,38,13,13,-1.7054468104404918e-07,0.8947368421052632,0.6153846153846154,0.27935222672064774,0.10121457489878538,0.13967611336032387,True,True
18,4,explore,f59f8c13,13,13,13,0.0,0.6153846153846154,0.6153846153846154,0.0,-0.07692307692307687,-0.07692307692307693,True,True
18,5,selected,e29ed4f8,38,13,13,7.312254095559467e-07,0.7894736842105263,0.15384615384615385,0.6356275303643725,0.3805668016194331,0.10526315789473684,True,True
18,5,explore,f59f8c13,13,13,13,1.6753511888900618e-06,0.38461538461538464,0.15384615384615385,0.23076923076923078,0.23076923076923073,0.15384615384615385,True,True
18,6,selected,e29ed4f8,38,13,13,-5.500080386688921e-07,0.7368421052631579,0.5384615384615384,0.19838056680161942,0.20242914979757087,-0.14574898785425106,True,True
18,6,explore,f59f8c13,13,13,13,-5.495155064316748e-07,0.5384615384615384,0.5384615384615384,0.0,0.0,-0.15384615384615385,True,True
18,7,selected,e29ed4f8,38,13,13,7.720965303548155e-06,0.7368421052631579,0.5384615384615384,0.19838056680161942,0.17813765182186225,0.19838056680161942,True,True
18,7,explore,f59f8c13,13,13,13,0.0,0.5384615384615384,0.5384615384615384,0.0,0.07692307692307687,0.0,True,True
19,0,selected,e29ed4f8,38,13,13,1.2988359956445095e-06,0.9210526315789473,0.6153846153846154,0.3056680161943319,-0.002024291497975783,0.05263157894736842,True,True
19,0,explore,f59f8c13,13,13,13,0.0,0.6923076923076923,0.6153846153846154,0.07692307692307687,-0.07692307692307698,0.0,True,True
19,1,selected,e29ed4f8,38,13,13,1.9222367857452127e-06,0.868421052631579,0.5384615384615384,0.32995951417004055,0.25506072874493924,0.32995951417004055,True,True
19,1,explore,f59f8c13,13,13,13,0.0,0.7692307692307693,0.5384615384615384,0.23076923076923084,0.07692307692307698,0.23076923076923084,True,True
19,2,selected,e29ed4f8,38,13,13,6.580404976475052e-08,0.8947368421052632,0.6153846153846154,0.27935222672064774,0.15182186234817807,0.25303643724696356,True,True
19,2,explore,f59f8c13,13,13,13,-2.181164883818809e-06,0.46153846153846156,0.6153846153846154,-0.15384615384615385,0.0,-0.23076923076923078,True,True
19,3,selected,e29ed4f8,38,13,13,4.638203092710569e-07,0.7368421052631579,0.3076923076923077,0.42914979757085014,0.28137651821862353,0.42914979757085014,True,True
19,3,explore,f59f8c13,13,13,13,-2.9541739996474803e-06,0.46153846153846156,0.3076923076923077,0.15384615384615385,0.0,0.15384615384615385,True,True
19,4,selected,e29ed4f8,38,13,13,4.106633579858965e-07,0.7368421052631579,0.23076923076923078,0.5060728744939271,0.4089068825910931,0.5060728744939271,True,True
19,4,explore,f59f8c13,13,13,13,4.77965456813223e-06,0.38461538461538464,0.23076923076923078,0.15384615384615385,0.15384615384615385,0.15384615384615385,True,True
19,5,selected,14e87b21,38,13,13,-3.462108972840383e-07,0.5789473684210527,0.6153846153846154,-0.036437246963562764,-0.004048582995951455,-0.06275303643724695,True,True
19,5,explore,f59f8c13,13,13,13,1.0714928673216662e-06,0.38461538461538464,0.6153846153846154,-0.23076923076923078,0.07692307692307698,-0.23076923076923078,True,True
19,6,selected,e29ed4f8,38,13,13,3.389568687950373e-06,0.8157894736842105,0.23076923076923078,0.5850202429149798,0.17813765182186225,0.5850202429149798,True,True
19,6,explore,f59f8c13,13,13,13,0.0,0.46153846153846156,0.23076923076923078,0.23076923076923078,-0.07692307692307698,0.23076923076923078,True,True
19,7,selected,e29ed4f8,38,13,13,-5.771414361088745e-06,0.7631578947368421,0.6923076923076923,0.07085020242914986,-0.05668016194331982,0.2753036437246963,True,True
19,7,explore,f59f8c13,13,13,13,-5.061442957643436e-06,0.8461538461538461,0.6923076923076923,0.15384615384615385,0.0,0.3846153846153846,True,True
20,0,selected,e29ed4f8,38,13,13,3.4707614160467415e-07,0.7105263157894737,0.38461538461538464,0.32591093117408904,-0.10931174089068829,0.32591093117408904,True,True
20,0,explore,f59f8c13,13,13,13,2.0128589861556634e-07,0.6153846153846154,0.38461538461538464,0.23076923076923078,-0.15384615384615385,0.23076923076923078,True,True
20,1,selected,e29ed4f8,38,13,13,-2.5156596805686604e-08,0.6842105263157895,0.38461538461538464,0.29959514170040485,0.2004048582995951,0.29959514170040485,True,True
20,1,explore,f59f8c13,13,13,13,0.0,0.6923076923076923,0.38461538461538464,0.30769230769230765,0.15384615384615385,0.30769230769230765,True,True
20,2,selected,e29ed4f8,38,13,13,6.933995555513661e-08,0.868421052631579,0.23076923076923078,0.6376518218623481,0.5890688259109311,0.7145748987854251,True,True
20,2,explore,f59f8c13,13,13,13,0.0,0.38461538461538464,0.23076923076923078,0.15384615384615385,0.30769230769230765,0.23076923076923078,True,True
20,3,selected,e29ed4f8,38,13,13,0.0,0.8421052631578947,0.6923076923076923,0.1497975708502024,0.022267206477732837,0.12348178137651822,True,True
20,3,explore,f59f8c13,13,13,13,0.0,0.6153846153846154,0.6923076923076923,-0.07692307692307687,0.0,-0.07692307692307687,True,True
20,4,selected,e29ed4f8,38,13,13,8.519888696767453e-07,0.9210526315789473,0.23076923076923078,0.6902834008097165,0.28137651821862353,0.7408906882591093,True,True
20,4,explore,f59f8c13,13,13,13,-1.5776995976324315e-07,0.5384615384615384,0.23076923076923078,0.30769230769230765,0.0,0.23076923076923078,True,True
20,5,selected,e29ed4f8,38,13,13,0.0,0.8947368421052632,0.7692307692307693,0.1255060728744939,-0.07894736842105265,0.0,True,True
20,5,explore,f59f8c13,13,13,13,0.0,0.6923076923076923,0.7692307692307693,-0.07692307692307698,-0.07692307692307687,0.0,True,True
20,6,selected,e29ed4f8,38,13,13,4.474002324172943e-08,0.8947368421052632,0.5384615384615384,0.35627530364372473,0.3056680161943319,0.11538461538461536,True,True
20,6,explore,f59f8c13,13,13,13,0.0,0.6153846153846154,0.5384615384615384,0.07692307692307698,0.07692307692307687,0.07692307692307693,True,True
20,7,selected,e29ed4f8,38,13,13,0.0,0.868421052631579,0.6923076923076923,0.1761133603238867,0.024291497975708398,0.17206477732793524,True,True
20,7,explore,f59f8c13,13,13,13,0.0,0.6153846153846154,0.6923076923076923,-0.07692307692307687,-0.07692307692307698,0.0,True,True
21,0,selected,e29ed4f8,38,13,13,2.3835554463502717e-07,0.7894736842105263,0.46153846153846156,0.32793522267206476,0.12348178137651822,0.05263157894736842,True,True
21,0,explore,5c424123,13,13,13,4.157914341718083e-07,0.38461538461538464,0.46153846153846156,-0.07692307692307693,-0.07692307692307687,0.07692307692307693,True,True
21,1,selected,e29ed4f8,38,13,13,5.649068812729752e-08,0.8421052631578947,0.5384615384615384,0.30364372469635625,0.22672064777327927,0.30364372469635625,True,True
21,1,explore,5c424123,13,13,13,0.0,0.5384615384615384,0.5384615384615384,0.0,0.07692307692307687,0.0,True,True
21,2,selected,e29ed4f8,38,13,13,-1.9986911592440038e-07,0.9736842105263158,0.5384615384615384,0.4352226720647774,0.28137651821862353,0.4089068825910931,True,True
21,2,explore,5c424123,13,13,13,-1.9986911592440038e-07,0.7692307692307693,0.5384615384615384,0.23076923076923084,0.23076923076923084,0.15384615384615385,True,True
21,3,selected,e29ed4f8,38,13,13,0.0,0.7894736842105263,0.6153846153846154,0.1740890688259109,0.07287449392712542,0.09514170040485825,True,True
21,3,explore,5c424123,13,13,13,0.0,0.5384615384615384,0.6153846153846154,-0.07692307692307698,0.07692307692307687,-0.07692307692307698,True,True
21,4,selected,e29ed4f8,38,13,13,3.1237817088580755e-07,0.7105263157894737,0.8461538461538461,-0.13562753036437247,-0.10931174089068829,-0.08502024291497978,True,True
21,4,explore,5c424123,13,13,13,0.0,0.46153846153846156,0.8461538461538461,-0.3846153846153846,-0.15384615384615385,-0.3076923076923077,True,True
21,5,selected,e29ed4f8,38,13,13,1.592613037004753e-07,0.9210526315789473,0.6153846153846154,0.3056680161943319,0.28137651821862353,0.3056680161943319,True,True
21,5,explore,5c424123,13,13,13,1.181565774110993e-07,0.23076923076923078,0.6153846153846154,-0.38461538461538464,0.07692307692307698,-0.38461538461538464,True,True
21,6,selected,e29ed4f8,38,13,13,-3.0214276414142205e-08,0.8947368421052632,0.6153846153846154,0.27935222672064774,0.10121457489878538,0.2408906882591093,True,True
21,6,explore,5c424123,13,13,13,-3.008563576045731e-08,0.8461538461538461,0.6153846153846154,0.23076923076923073,0.0,0.23076923076923078,True,True
21,7,selected,e29ed4f8,38,13,13,0.0,0.8421052631578947,0.8461538461538461,-0.004048582995951455,-0.07894736842105265,0.046558704453441235,True,True
21,7,explore,5c424123,13,13,13,7.527477299262841e-07,0.46153846153846156,0.8461538461538461,-0.3846153846153846,-0.3846153846153846,-0.3076923076923077,True,True
22,0,selected,e29ed4f8,38,13,13,9.633720932100687e-09,0.8157894736842105,0.7692307692307693,0.046558704453441235,-0.054655870445344146,0.2510121457489879,True,True
22,0,explore,f59f8c13,13,13,13,0.0,0.5384615384615384,0.7692307692307693,-0.23076923076923084,-0.3846153846153847,0.0,True,True
22,1,selected,e29ed4f8,38,13,13,0.0,0.7631578947368421,0.3076923076923077,0.45546558704453444,0.32793522267206476,0.5060728744939271,True,True
22,1,explore,f59f8c13,13,13,13,0.0,0.38461538461538464,0.3076923076923077,0.07692307692307693,0.15384615384615385,0.15384615384615385,True,True
22,2,selected,e29ed4f8,38,13,13,-3.473887000282616e-08,0.9736842105263158,0.6923076923076923,0.28137651821862353,0.20445344129554655,-0.02429149797570851,True,True
22,2,explore,f59f8c13,13,13,13,-2.524663802461191e-07,0.8461538461538461,0.6923076923076923,0.15384615384615385,0.15384615384615385,-0.07692307692307693,True,True
22,3,selected,e29ed4f8,38,13,13,0.0,0.9473684210526315,0.38461538461538464,0.5627530364372468,0.4352226720647774,0.5364372469635628,True,True
22,3,explore,f59f8c13,13,13,13,0.0,0.6923076923076923,0.38461538461538464,0.30769230769230765,0.3846153846153847,0.30769230769230765,True,True
22,4,selected,e29ed4f8,38,13,13,5.884384011167754e-07,0.8157894736842105,0.38461538461538464,0.43117408906882587,0.2773279352226721,0.4817813765182186,True,True
22,4,explore,f59f8c13,13,13,13,6.906832927811024e-08,0.5384615384615384,0.38461538461538464,0.1538461538461538,0.23076923076923084,0.23076923076923073,True,True
22,5,selected,e29ed4f8,38,13,13,-5.216782694716926e-08,0.7894736842105263,0.46153846153846156,0.32793522267206476,0.32995951417004055,0.4048582995951417,True,True
22,5,explore,f59f8c13,13,13,13,-6.240809073965181e-07,0.5384615384615384,0.46153846153846156,0.07692307692307687,0.07692307692307698,0.07692307692307693,True,True
22,6,selected,e29ed4f8,38,13,13,2.0563772906712074e-10,0.868421052631579,0.8461538461538461,0.022267206477732837,0.022267206477732837,0.12348178137651822,True,True
22,6,explore,f59f8c13,13,13,13,0.0,0.5384615384615384,0.8461538461538461,-0.3076923076923077,-0.23076923076923073,-0.15384615384615385,True,True
22,7,selected,e29ed4f8,38,13,13,4.428822197866111e-09,0.9210526315789473,0.7692307692307693,0.15182186234817807,0.0748987854251012,0.15182186234817807,True,True
22,7,explore,f59f8c13,13,13,13,7.725712070083546e-09,0.46153846153846156,0.7692307692307693,-0.3076923076923077,-0.3076923076923077,-0.3076923076923077,True,True
23,0,selected,e29ed4f8,38,13,13,-4.440892098500626e-16,0.7631578947368421,0.6923076923076923,0.07085020242914986,-0.05668016194331982,0.0,True,True
23,0,explore,5c424123,13,13,13,0.0,0.23076923076923078,0.6923076923076923,-0.4615384615384615,-0.23076923076923073,0.0,True,True
23,1,selected,14e87b21,38,13,13,-8.881784197001252e-16,0.8157894736842105,0.6153846153846154,0.2004048582995951,0.1761133603238867,0.0,True,True
23,1,explore,5c424123,13,13,13,0.0,0.7692307692307693,0.6153846153846154,0.15384615384615385,0.23076923076923084,0.0,True,True
23,2,selected,e29ed4f8,38,13,13,1.6090056131901065e-07,0.7631578947368421,0.46153846153846156,0.3016194331983806,0.09716599190283404,0.3785425101214575,True,True
23,2,explore,5c424123,13,13,13,-3.7424582988165866e-08,0.23076923076923078,0.46153846153846156,-0.23076923076923078,-0.15384615384615385,-0.15384615384615385,True,True
23,3,selected,e29ed4f8,38,13,13,-4.440892098500626e-16,0.7894736842105263,0.6153846153846154,0.1740890688259109,0.046558704453441235,0.1740890688259109,True,True
23,3,explore,5c424123,13,13,13,0.0,0.38461538461538464,0.6153846153846154,-0.23076923076923078,-0.15384615384615385,-0.38461538461538464,True,True
23,4,selected,e29ed4f8,38,13,13,0.0,0.868421052631579,0.5384615384615384,0.32995951417004055,0.35627530364372473,0.4068825910931174,True,True
23,4,explore,5c424123,13,13,13,0.0,0.6923076923076923,0.5384615384615384,0.15384615384615385,0.23076923076923084,0.23076923076923073,True,True
23,5,selected,e29ed4f8,38,13,13,0.0,0.8421052631578947,0.38461538461538464,0.45748987854251005,0.35627530364372473,0.45748987854251005,True,True
23,5,explore,5c424123,13,13,13,0.0,0.6153846153846154,0.38461538461538464,0.23076923076923078,0.3076923076923077,0.1538461538461538,True,True
23,6,selected,e29ed4f8,38,13,13,-2.1200178501601386e-07,0.8947368421052632,0.46153846153846156,0.4331983805668016,0.3582995951417004,0.4331983805668016,True,True
23,6,explore,5c424123,13,13,13,-2.1200178501601386e-07,0.6153846153846154,0.46153846153846156,0.15384615384615385,0.23076923076923073,0.15384615384615385,True,True
23,7,selected,e29ed4f8,38,13,13,0.0,0.9473684210526315,0.5384615384615384,0.4089068825910931,0.12753036437246967,0.3825910931174089,True,True
23,7,explore,5c424123,13,13,13,0.0,0.6923076923076923,0.5384615384615384,0.15384615384615385,-0.07692307692307687,0.15384615384615385,True,True
24,0,selected,e29ed4f8,38,13,13,0.0,0.7631578947368421,0.38461538461538464,0.3785425101214575,0.14777327935222673,0.0,True,True
24,0,explore,d7bb4820,13,13,13,0.0,0.3076923076923077,0.38461538461538464,-0.07692307692307693,0.23076923076923073,0.0,True,True
24,1,selected,e29ed4f8,38,13,13,0.0,0.7368421052631579,0.5384615384615384,0.19838056680161942,0.1740890688259109,0.0,True,True
24,1,explore,d7bb4820,13,13,13,0.0,0.6153846153846154,0.5384615384615384,0.07692307692307698,0.3846153846153846,0.0,True,True
24,2,selected,e29ed4f8,38,13,13,4.8088154347425416e-08,0.868421052631579,0.6153846153846154,0.25303643724696356,0.25303643724696356,0.02631578947368421,True,True
24,2,explore,d7bb4820,13,13,13,0.0,0.6923076923076923,0.6153846153846154,0.07692307692307687,0.3076923076923077,0.0,True,True
24,3,selected,e29ed4f8,38,13,13,2.2795329179814416e-08,0.7894736842105263,0.6923076923076923,0.09716599190283404,-0.10728744939271262,0.0668016194331984,True,True
24,3,explore,d7bb4820,13,13,13,0.0,0.38461538461538464,0.6923076923076923,-0.30769230769230765,-0.3076923076923077,-0.23076923076923073,True,True
24,4,selected,e29ed4f8,38,13,13,0.0,0.868421052631579,0.5384615384615384,0.32995951417004055,0.25303643724696356,0.2489878542510121,True,True
24,4,explore,d7bb4820,13,13,13,0.0,0.46153846153846156,0.5384615384615384,-0.07692307692307687,-0.07692307692307698,-0.07692307692307693,True,True
24,5,selected,e29ed4f8,38,13,13,0.0,0.868421052631579,0.5384615384615384,0.32995951417004055,0.20242914979757087,0.29959514170040485,True,True
24,5,explore,d7bb4820,13,13,13,0.0,0.46153846153846156,0.5384615384615384,-0.07692307692307687,0.07692307692307698,-0.07692307692307693,True,True
24,6,selected,e29ed4f8,38,13,13,4.976510714627125e-08,0.8947368421052632,0.7692307692307693,0.1255060728744939,-0.028340080971659964,0.02631578947368421,True,True
24,6,explore,d7bb4820,13,13,13,0.0,0.5384615384615384,0.7692307692307693,-0.23076923076923084,-0.23076923076923084,0.0,True,True
24,7,selected,e29ed4f8,38,13,13,0.0,0.9210526315789473,0.8461538461538461,0.0748987854251012,-0.002024291497975783,0.0,True,True
24,7,explore,d7bb4820,13,13,13,0.0,0.38461538461538464,0.8461538461538461,-0.4615384615384615,-0.3846153846153847,0.0,True,True
25,0,selected,e29ed4f8,38,13,13,0.0,0.868421052631579,0.6923076923076923,0.1761133603238867,0.022267206477732837,0.0,True,True
25,0,explore,d7bb4820,13,13,13,0.0,0.7692307692307693,0.6923076923076923,0.07692307692307698,0.07692307692307698,0.0,True,True
25,1,selected,e29ed4f8,38,13,13,0.0,0.7631578947368421,0.6923076923076923,0.07085020242914986,-0.030364372469635637,0.0,True,True
25,1,explore,d7bb4820,13,13,13,0.0,0.6153846153846154,0.6923076923076923,-0.07692307692307687,-0.15384615384615385,0.0,True,True
25,2,selected,e29ed4f8,38,13,13,0.0,0.9473684210526315,0.6923076923076923,0.25506072874493924,0.17813765182186225,0.0,True,True
25,2,explore,d7bb4820,13,13,13,0.0,0.5384615384615384,0.6923076923076923,-0.15384615384615385,-0.07692307692307698,0.0,True,True
25,3,selected,e29ed4f8,38,13,13,0.0,0.868421052631579,0.7692307692307693,0.09919028340080971,0.04858299595141702,0.0,True,True
25,3,explore,d7bb4820,13,13,13,0.0,0.5384615384615384,0.7692307692307693,-0.23076923076923084,-0.23076923076923073,0.0,True,True
25,4,selected,e29ed4f8,38,13,13,-5.202700492645818e-10,0.9736842105263158,0.6153846153846154,0.3582995951417004,0.15384615384615385,-0.07692307692307693,True,True
25,4,explore,d7bb4820,13,13,13,0.0,0.7692307692307693,0.6153846153846154,0.15384615384615385,0.15384615384615385,0.07692307692307693,True,True
25,5,selected,e29ed4f8,38,13,13,-1.58371827652104e-07,0.8947368421052632,0.8461538461538461,0.04858299595141702,0.024291497975708398,-0.07692307692307693,True,True
25,5,explore,d7bb4820,13,13,13,-1.58371827652104e-07,0.6923076923076923,0.8461538461538461,-0.15384615384615385,-0.15384615384615385,-0.07692307692307693,True,True
25,6,selected,e29ed4f8,38,13,13,-2.3797319670393335e-10,0.6842105263157895,0.3076923076923077,0.3765182186234818,0.09514170040485825,0.24291497975708498,True,True
25,6,explore,d7bb4820,13,13,13,0.0,0.38461538461538464,0.3076923076923077,0.07692307692307693,0.0,-0.07692307692307693,True,True
25,7,selected,e29ed4f8,38,13,13,0.0,0.7894736842105263,0.7692307692307693,0.020242914979757054,0.046558704453441235,0.0,True,True
25,7,explore,d7bb4820,13,13,13,0.0,0.46153846153846156,0.7692307692307693,-0.3076923076923077,-0.15384615384615385,0.0,True,True
26,0,selected,14e87b21,38,13,13,-4.1534234203055576e-06,0.5263157894736842,0.46153846153846156,0.06477732793522262,0.0161943319838056,0.0,True,True
26,0,explore,a4f2747b,13,13,13,0.0,0.7692307692307693,0.46153846153846156,0.3076923076923077,0.23076923076923073,0.0,True,True
26,1,selected,e29ed4f8,38,13,13,-9.296181957552108e-08,0.8157894736842105,0.6153846153846154,0.2004048582995951,0.1497975708502024,-0.07692307692307693,True,True
26,1,explore,a4f2747b,13,13,13,-9.296181957552108e-08,0.46153846153846156,0.6153846153846154,-0.15384615384615385,-0.07692307692307687,-0.07692307692307693,True,True
26,2,selected,e29ed4f8,38,13,13,0.0,0.8157894736842105,0.8461538461538461,-0.030364372469635637,-0.10728744939271262,0.0,True,True
26,2,explore,a4f2747b,13,13,13,0.0,0.6153846153846154,0.8461538461538461,-0.23076923076923073,-0.23076923076923084,0.0,True,True
26,3,selected,14e87b21,38,13,13,-4.84759787866551e-10,0.6578947368421053,0.7692307692307693,-0.11133603238866396,-0.16194331983805665,0.0,True,True
26,3,explore,a4f2747b,13,13,13,0.0,0.8461538461538461,0.7692307692307693,0.07692307692307687,0.15384615384615385,0.0,True,True
26,4,selected,14e87b21,38,13,13,-2.7146558334578685e-07,0.5789473684210527,0.8461538461538461,-0.2672064777327935,-0.082995951417004,0.0,True,True
26,4,explore,a4f2747b,13,13,13,0.0,0.6153846153846154,0.8461538461538461,-0.23076923076923073,0.0,0.0,True,True
26,5,selected,14e87b21,38,13,13,-5.0899796821823884e-08,0.6052631578947368,0.6153846153846154,-0.010121457489878583,0.018218623481781382,0.0,True,True
26,5,explore,a4f2747b,13,13,13,0.0,0.6923076923076923,0.6153846153846154,0.07692307692307687,0.15384615384615385,0.0,True,True
26,6,selected,14e87b21,38,13,13,-9.296181957552108e-08,0.7368421052631579,0.6153846153846154,0.12145748987854244,-0.004048582995951455,-0.07692307692307693,True,True
26,6,explore,a4f2747b,13,13,13,0.0,0.6923076923076923,0.6153846153846154,0.07692307692307687,-0.07692307692307687,0.0,True,True
26,7,selected,e29ed4f8,38,13,13,-6.019109064503425e-07,0.9473684210526315,0.7692307692307693,0.17813765182186225,0.17813765182186225,-0.05060728744939272,True,True
26,7,explore,a4f2747b,13,13,13,-5.498998620900863e-07,0.6153846153846154,0.7692307692307693,-0.15384615384615385,-0.07692307692307698,0.0,True,True
27,0,selected,e29ed4f8,38,13,13,4.440892098500626e-16,0.8157894736842105,0.46153846153846156,0.35425101214574894,0.22672064777327927,0.22267206477732793,True,True
27,0,explore,a4f2747b,13,13,13,0.0,0.7692307692307693,0.46153846153846156,0.3076923076923077,0.3076923076923077,0.3076923076923077,True,True
27,1,selected,14e87b21,38,13,13,-9.886776410228393e-05,0.4473684210526316,0.5384615384615384,-0.09109311740890685,-0.08704453441295545,-0.07692307692307693,True,True
27,1,explore,a4f2747b,13,13,13,-2.2395419163601105e-07,0.6153846153846154,0.5384615384615384,0.07692307692307698,0.07692307692307698,-0.07692307692307693,True,True
27,2,selected,e29ed4f8,38,13,13,0.0,0.7368421052631579,0.6153846153846154,0.12145748987854244,0.09716599190283404,0.0,True,True
27,2,explore,a4f2747b,13,13,13,0.0,0.6923076923076923,0.6153846153846154,0.07692307692307687,0.15384615384615385,0.0,True,True
27,3,selected,e29ed4f8,38,13,13,0.0,0.9473684210526315,0.8461538461538461,0.10121457489878538,0.024291497975708398,0.0,True,True
27,3,explore,a4f2747b,13,13,13,0.0,0.38461538461538464,0.8461538461538461,-0.4615384615384615,-0.46153846153846156,0.0,True,True
27,4,selected,14e87b21,38,13,13,3.98216997155032e-08,0.6842105263157895,0.6153846153846154,0.06882591093117407,0.1497975708502024,0.02631578947368421,True,True
27,4,explore,a4f2747b,13,13,13,0.0,0.5384615384615384,0.6153846153846154,-0.07692307692307698,0.0,0.0,True,True
27,5,selected,14e87b21,38,13,13,-5.0899796821823884e-08,0.6052631578947368,0.6153846153846154,-0.010121457489878583,-0.13765182186234826,0.0,True,True
27,5,explore,a4f2747b,13,13,13,0.0,0.6923076923076923,0.6153846153846154,0.07692307692307687,0.0,0.0,True,True
27,6,selected,e29ed4f8,38,13,13,-4.440892098500626e-16,0.7631578947368421,0.7692307692307693,-0.006072874493927127,-0.10728744939271262,0.0,True,True
27,6,explore,a4f2747b,13,13,13,0.0,0.6923076923076923,0.7692307692307693,-0.07692307692307698,-0.07692307692307698,0.0,True,True
27,7,selected,e29ed4f8,38,13,13,-4.440892098500626e-16,0.8947368421052632,0.6923076923076923,0.20242914979757087,0.04858299595141702,0.0,True,True
27,7,explore,a4f2747b,13,13,13,0.0,0.8461538461538461,0.6923076923076923,0.15384615384615385,0.07692307692307698,0.0,True,True
28,0,selected,e29ed4f8,38,13,13,-1.217077669757316e-07,0.7894736842105263,0.6923076923076923,0.09716599190283404,-0.004048582995951455,-0.23076923076923078,True,True
28,0,explore,d7bb4820,13,13,13,-1.217077674198208e-07,0.6153846153846154,0.6923076923076923,-0.07692307692307687,-0.15384615384615385,-0.23076923076923078,True,True
28,1,selected,e29ed4f8,38,13,13,-1.217077669757316e-07,0.9210526315789473,0.8461538461538461,0.0748987854251012,-0.07894736842105265,-0.07692307692307693,True,True
28,1,explore,d7bb4820,13,13,13,-1.217077674198208e-07,0.5384615384615384,0.8461538461538461,-0.3076923076923077,-0.23076923076923073,-0.07692307692307693,True,True
28,2,selected,14e87b21,38,13,13,-0.058054788266872936,0.21052631578947367,0.07692307692307693,0.13360323886639675,-0.010121457489878583,0.0,True,True
28,2,explore,d7bb4820,13,13,13,0.0,0.46153846153846156,0.07692307692307693,0.38461538461538464,0.3076923076923077,0.0,True,True
28,3,selected,e29ed4f8,38,13,13,-0.032897705034397706,0.23684210526315788,0.15384615384615385,0.08299595141700403,-0.19028340080971662,0.08299595141700403,True,True
28,3,explore,d7bb4820,13,13,13,0.0,0.15384615384615385,0.15384615384615385,0.0,-0.07692307692307698,0.0,True,True
28,4,selected,14e87b21,38,13,13,-6.786641915113023e-09,0.631578947368421,0.6923076923076923,-0.06072874493927127,-0.10931174089068829,0.11740890688259109,True,True
28,4,explore,d7bb4820,13,13,13,0.0,0.8461538461538461,0.6923076923076923,0.15384615384615385,0.15384615384615385,0.15384615384615385,True,True
28,5,selected,e29ed4f8,38,13,13,0.0,0.8421052631578947,0.5384615384615384,0.30364372469635625,0.32995951417004055,0.32793522267206476,True,True
28,5,explore,d7bb4820,13,13,13,0.0,0.6923076923076923,0.5384615384615384,0.15384615384615385,0.3076923076923077,0.07692307692307687,True,True
28,6,selected,14e87b21,38,13,13,-4.440892098500626e-16,0.6842105263157895,0.46153846153846156,0.22267206477732793,0.07085020242914986,0.2975708502024291,True,True
28,6,explore,d7bb4820,13,13,13,0.0,0.5384615384615384,0.46153846153846156,0.07692307692307687,0.0,0.07692307692307693,True,True
28,7,selected,14e87b21,38,13,13,-3.75785941826301e-05,0.47368421052631576,0.3076923076923077,0.16599190283400805,0.09311740890688258,0.0,True,True
28,7,explore,d7bb4820,13,13,13,0.0,0.6923076923076923,0.3076923076923077,0.3846153846153846,0.3846153846153847,0.0,True,True
29,0,selected,e29ed4f8,38,13,13,0.0,0.8947368421052632,0.7692307692307693,0.1255060728744939,0.0748987854251012,0.0,True,True
29,0,explore,a4f2747b,13,13,13,0.0,0.6153846153846154,0.7692307692307693,-0.15384615384615385,-0.15384615384615385,0.0,True,True
29,1,selected,e29ed4f8,38,13,13,-5.089981325312465e-08,0.6052631578947368,0.23076923076923078,0.37449392712550605,0.22672064777327927,0.0,True,True
29,1,explore,a4f2747b,13,13,13,0.0,0.38461538461538464,0.23076923076923078,0.15384615384615385,0.15384615384615385,0.0,True,True
29,2,selected,e29ed4f8,38,13,13,-1.153729108693824e-06,0.5526315789473685,0.5384615384615384,0.014170040485830038,0.0748987854251012,0.0,True,True
29,2,explore,a4f2747b,13,13,13,0.0,0.6153846153846154,0.5384615384615384,0.07692307692307698,-0.15384615384615385,0.0,True,True
29,3,selected,14e87b21,38,13,13,-1.217077669757316e-07,0.7631578947368421,0.6153846153846154,0.14777327935222673,0.09919028340080971,-0.07692307692307693,True,True
29,3,explore,a4f2747b,13,13,13,-1.217077674198208e-07,0.5384615384615384,0.6153846153846154,-0.07692307692307698,-0.15384615384615385,-0.07692307692307693,True,True
29,4,selected,14e87b21,38,13,13,-0.0005545974664573627,0.39473684210526316,0.5384615384615384,-0.14372469635627527,0.04453441295546556,0.0,True,True
29,4,explore,a4f2747b,13,13,13,0.0,0.3076923076923077,0.5384615384615384,-0.23076923076923073,0.15384615384615385,0.0,True,True
29,5,selected,14e87b21,38,13,13,0.0,0.7368421052631579,0.6923076923076923,0.04453441295546556,-0.082995951417004,0.0,True,True
29,5,explore,a4f2747b,13,13,13,0.0,0.7692307692307693,0.6923076923076923,0.07692307692307698,0.0,0.0,True,True
29,6,selected,14e87b21,38,13,13,0.0,0.9473684210526315,0.9230769230769231,0.024291497975708398,0.05060728744939269,0.2489878542510121,True,True
29,6,explore,a4f2747b,13,13,13,0.0,0.9230769230769231,0.9230769230769231,0.0,0.07692307692307687,0.23076923076923073,True,True
29,7,selected,14e87b21,38,13,13,-0.44984942336009315,0.10526315789473684,0.3076923076923077,-0.20242914979757087,-0.2408906882591093,0.0,True,True
29,7,explore,a4f2747b,13,13,13,0.0,0.07692307692307693,0.3076923076923077,-0.23076923076923078,-0.4615384615384615,0.0,True,True
30,0,selected,e29ed4f8,38,13,13,-0.005041796203227644,0.3157894736842105,0.23076923076923078,0.08502024291497973,0.3582995951417004,0.0,True,True
30,0,explore,3cfef98d,13,13,13,0.0,0.15384615384615385,0.23076923076923078,-0.07692307692307693,0.3076923076923077,0.0,True,True
30,1,selected,e29ed4f8,38,13,13,-4.1534247894325915e-06,0.5263157894736842,0.07692307692307693,0.44939271255060725,0.1761133603238867,0.0,True,True
30,1,explore,3cfef98d,13,13,13,0.0,0.23076923076923078,0.07692307692307693,0.15384615384615385,0.07692307692307698,0.0,True,True
30,2,selected,e29ed4f8,38,13,13,4.440892098500626e-16,0.7631578947368421,0.3076923076923077,0.45546558704453444,0.25303643724696356,0.0,True,True
30,2,explore,3cfef98d,13,13,13,0.0,0.46153846153846156,0.3076923076923077,0.15384615384615385,0.3076923076923077,0.0,True,True
30,3,selected,14e87b21,38,13,13,-0.03289772022605986,0.23684210526315788,0.15384615384615385,0.08299595141700403,0.1740890688259109,0.0,True,True
30,3,explore,3cfef98d,13,13,13,-2.624952006907154,0.0,0.15384615384615385,-0.15384615384615385,0.3076923076923077,0.0,False,True
30,4,selected,14e87b21,38,13,13,4.440892098500626e-16,0.8157894736842105,0.7692307692307693,0.046558704453441235,0.1255060728744939,0.0,True,True
30,4,explore,3cfef98d,13,13,13,0.0,0.8461538461538461,0.7692307692307693,0.07692307692307687,0.07692307692307687,0.0,True,True
30,5,selected,e29ed4f8,38,13,13,-6.786641915113023e-09,0.631578947368421,0.8461538461538461,-0.21457489878542513,-0.08097165991902844,0.0,True,True
30,5,explore,3cfef98d,13,13,13,0.0,0.7692307692307693,0.8461538461538461,-0.07692307692307687,0.0,0.0,True,True
30,6,selected,e29ed4f8,38,13,13,0.0,0.8157894736842105,0.5384615384615384,0.2773279352226721,0.07287449392712542,0.0,True,True
30,6,explore,3cfef98d,13,13,13,0.0,0.6153846153846154,0.5384615384615384,0.07692307692307698,0.0,0.0,True,True
30,7,selected,14e87b21,38,13,13,4.16368677313983e-08,0.868421052631579,0.6923076923076923,0.1761133603238867,-0.002024291497975783,0.02631578947368421,True,True
30,7,explore,3cfef98d,13,13,13,0.0,0.7692307692307693,0.6923076923076923,0.07692307692307698,-0.07692307692307698,0.0,True,True
31,0,selected,14e87b21,38,13,13,0.0,0.7368421052631579,0.6923076923076923,0.04453441295546556,0.09716599190283404,0.0,True,True
31,0,explore,d7bb4820,13,13,13,0.0,0.5384615384615384,0.6923076923076923,-0.15384615384615385,0.07692307692307698,0.0,True,True
31,1,selected,e29ed4f8,38,13,13,0.0,0.8421052631578947,0.7692307692307693,0.07287449392712542,-0.08097165991902844,0.0,True,True
31,1,explore,d7bb4820,13,13,13,0.0,0.46153846153846156,0.7692307692307693,-0.3076923076923077,-0.3846153846153847,0.0,True,True
31,2,selected,e29ed4f8,38,13,13,0.0,0.8157894736842105,0.6153846153846154,0.2004048582995951,0.1497975708502024,0.0,True,True
31,2,explore,d7bb4820,13,13,13,0.0,0.6923076923076923,0.6153846153846154,0.07692307692307687,0.15384615384615385,0.0,True,True
31,3,selected,14e87b21,38,13,13,-0.002520898101614044,0.34210526315789475,0.23076923076923078,0.11133603238866396,0.12145748987854244,0.0,True,True
31,3,explore,d7bb4820,13,13,13,0.0,0.6153846153846154,0.23076923076923078,0.38461538461538464,0.15384615384615385,0.0,True,True
31,4,selected,e29ed4f8,38,13,13,-2.7146567305180724e-07,0.5789473684210527,0.23076923076923078,0.3481781376518219,-0.004048582995951455,0.0,True,True
31,4,explore,d7bb4820,13,13,13,0.0,0.15384615384615385,0.23076923076923078,-0.07692307692307693,0.15384615384615385,0.0,True,True
31,5,selected,14e87b21,38,13,13,-6.786641471023813e-09,0.631578947368421,0.7692307692307693,-0.13765182186234826,-0.10931174089068829,0.0,True,True
31,5,explore,d7bb4820,13,13,13,0.0,0.5384615384615384,0.7692307692307693,-0.23076923076923084,0.0,0.0,True,True
31,6,selected,14e87b21,38,13,13,-2.7146567305180724e-07,0.5789473684210527,0.46153846153846156,0.11740890688259109,0.17813765182186225,0.0,True,True
31,6,explore,d7bb4820,13,13,13,0.0,0.6153846153846154,0.46153846153846156,0.15384615384615385,-0.07692307692307698,0.0,True,True
31,7,selected,e29ed4f8,38,13,13,0.0,0.8421052631578947,0.5384615384615384,0.30364372469635625,-0.028340080971659964,0.0,True,True
31,7,explore,d7bb4820,13,13,13,0.0,0.38461538461538464,0.5384615384615384,-0.1538461538461538,-0.3076923076923077,0.0,True,True
32,0,selected,14e87b21,38,13,13,-0.001210031088774599,0.3684210526315789,0.15384615384615385,0.21457489878542507,-0.082995951417004,0.0,True,True
32,0,explore,a4f2747b,13,13,13,0.0,0.3076923076923077,0.15384615384615385,0.15384615384615385,-0.23076923076923073,0.0,True,True
32,1,selected,14e87b21,38,13,13,-4.153424789876681e-06,0.5263157894736842,0.5384615384615384,-0.012145748987854255,0.020242914979757054,0.0,True,True
32,1,explore,a4f2747b,13,13,13,0.0,0.23076923076923078,0.5384615384615384,-0.30769230769230765,-0.23076923076923084,0.0,True,True
32,2,selected,e29ed4f8,38,13,13,0.0,0.7105263157894737,0.46153846153846156,0.2489878542510121,0.04858299595141702,0.0,True,True
32,2,explore,a4f2747b,13,13,13,0.0,0.38461538461538464,0.46153846153846156,-0.07692307692307693,-0.07692307692307687,0.0,True,True
32,3,selected,e29ed4f8,38,13,13,0.0,0.7631578947368421,0.38461538461538464,0.3785425101214575,0.3582995951417004,0.0,True,True
32,3,explore,a4f2747b,13,13,13,0.0,0.6153846153846154,0.38461538461538464,0.23076923076923078,0.15384615384615385,0.0,True,True
32,4,selected,e29ed4f8,38,13,13,-6.786641471023813e-09,0.631578947368421,0.07692307692307693,0.5546558704453441,0.3056680161943319,0.0,True,True
32,4,explore,a4f2747b,13,13,13,0.0,0.38461538461538464,0.07692307692307693,0.3076923076923077,0.15384615384615385,0.0,True,True
32,5,selected,e29ed4f8,38,13,13,-0.0005545975823553206,0.39473684210526316,0.5384615384615384,-0.14372469635627527,-0.004048582995951455,0.0,True,True
32,5,explore,a4f2747b,13,13,13,0.0,0.46153846153846156,0.5384615384615384,-0.07692307692307687,0.0,0.0,True,True
32,6,selected,e29ed4f8,38,13,13,-1.153729108693824e-06,0.5526315789473685,0.15384615384615385,0.3987854251012146,-0.07894736842105265,0.0,True,True
32,6,explore,a4f2747b,13,13,13,0.0,0.15384615384615385,0.15384615384615385,0.0,-0.15384615384615385,0.0,True,True
32,7,selected,14e87b21,38,13,13,-0.0005545975823553206,0.39473684210526316,0.23076923076923078,0.16396761133603238,0.07287449392712542,0.0,True,True
32,7,explore,a4f2747b,13,13,13,0.0,0.46153846153846156,0.23076923076923078,0.23076923076923078,0.15384615384615385,0.0,True,True
33,0,selected,e29ed4f8,38,13,13,-0.00024112938363263225,0.42105263157894735,0.07692307692307693,0.3441295546558704,0.15182186234817807,0.0,True,True
33,0,explore,d7bb4820,13,13,13,0.0,0.23076923076923078,0.07692307692307693,0.15384615384615385,0.0,0.0,True,True
33,1,selected,14e87b21,38,13,13,-0.0005545975823553206,0.39473684210526316,0.07692307692307693,0.31781376518218624,-0.07894736842105265,0.0,True,True
33,1,explore,d7bb4820,13,13,13,0.0,0.46153846153846156,0.07692307692307693,0.38461538461538464,-0.15384615384615385,0.0,True,True
33,2,selected,e29ed4f8,38,13,13,-0.00024112938363263225,0.42105263157894735,0.15384615384615385,0.2672064777327935,0.10121457489878538,0.0,True,True
33,2,explore,d7bb4820,13,13,13,0.0,0.38461538461538464,0.15384615384615385,0.23076923076923078,0.0,0.0,True,True
33,3,selected,e29ed4f8,38,13,13,-9.864383875868299e-05,0.4473684210526316,0.3076923076923077,0.13967611336032387,0.17813765182186225,0.0,True,True
33,3,explore,d7bb4820,13,13,13,0.0,0.23076923076923078,0.3076923076923077,-0.07692307692307693,0.23076923076923073,0.0,True,True
33,4,selected,e29ed4f8,38,13,13,0.0,0.8157894736842105,0.7692307692307693,0.046558704453441235,0.07287449392712542,0.0,True,True
33,4,explore,d7bb4820,13,13,13,0.0,0.7692307692307693,0.7692307692307693,0.0,0.15384615384615385,0.0,True,True
33,5,selected,e29ed4f8,38,13,13,0.0,0.9736842105263158,0.6923076923076923,0.28137651821862353,0.20445344129554655,0.0,True,True
33,5,explore,d7bb4820,13,13,13,0.0,0.7692307692307693,0.6923076923076923,0.07692307692307698,0.07692307692307687,0.0,True,True
33,6,selected,e29ed4f8,38,13,13,-4.153424789876681e-06,0.5263157894736842,0.6153846153846154,-0.08906882591093124,0.07287449392712542,0.0,True,True
33,6,explore,d7bb4820,13,13,13,0.0,0.5384615384615384,0.6153846153846154,-0.07692307692307698,0.15384615384615385,0.0,True,True
33,7,selected,e29ed4f8,38,13,13,-3.757860524178369e-05,0.47368421052631576,0.6923076923076923,-0.21862348178137653,-0.002024291497975783,0.0,True,True
33,7,explore,d7bb4820,13,13,13,0.0,0.46153846153846156,0.6923076923076923,-0.23076923076923073,0.0,0.0,True,True
